Report Year,Model Year,Mileage,Street,Parking Lot,Highway / Freeway,Intersection,Roadway(0 is dry) Surface,Posted Speed Limit (MPH),"Daylight(Daylight3, Dawn dusk2, dark-light1, dark-no light0)",Weather - Clear,Weather - Snow,Weather - Cloud1,Weather - Fog/Smoke,Weather - Rain,Weather - Severe Wind,Weather - Unknown,Weather - Thunder,Passenger Car,Non-Motorist: Cyclist,Heavy Truck,SUV,Animal,Van,Pickup Truck,No Injuries Reported,Minor,Moderate,Serious,Property Damage?,Severity
0,2024,6527,0,0,0,1,0,45,3,1,0,0,0,0,0,0,0,1,0,0,0,0,0,0,0,0,1,0,1,3
0,2021,83212,0,0,0,1,0,25,1,1,0,0,0,0,0,0,0,1,0,0,0,0,0,0,1,0,0,0,1,1
0,2024,2573,1,0,0,0,0,20,1,1,0,0,0,0,0,0,0,0,1,0,0,0,0,0,1,0,0,0,1,1
2024,2021,137012,1,0,0,0,0,40,3,1,0,0,0,0,0,0,0,0,0,0,0,0,0,0,1,0,0,0,1,1
2024,2024,22225,1,0,0,0,0,20,1,1,0,0,0,0,0,0,0,1,0,0,0,0,0,0,1,0,0,0,1,1
2024,2021,104293,1,0,0,0,0,35,1,1,0,0,0,0,0,0,0,0,0,0,0,0,0,0,1,0,0,0,1,1
2024,2024,23613,1,0,0,0,0,25,1,0,0,1,0,0,0,0,0,0,0,0,0,0,0,0,1,0,0,0,1,1
2024,2024,34092,1,0,0,0,0,25,1,1,0,0,0,0,0,0,0,1,0,0,0,0,0,0,1,0,0,0,1,1
2024,2024,24657,1,0,0,0,0,25,3,1,0,0,0,0,0,0,0,1,0,0,0,0,0,0,1,0,0,0,1,1
2024,2024,2841,1,0,0,0,0,25,3,1,0,0,0,0,0,0,0,0,0,1,0,0,0,0,1,0,0,0,1,1
2024,2021,98868,1,0,0,0,0,30,3,0,0,1,0,0,0,0,0,0,0,0,1,0,0,0,1,0,0,0,1,1
2024,2021,51747,1,0,0,0,0,35,3,1,0,0,0,0,0,0,0,0,0,0,1,0,0,0,1,0,0,0,1,1
2024,2024,2154,0,0,0,1,0,35,1,1,0,0,0,0,0,0,0,0,0,0,1,0,0,0,1,0,0,0,1,1
2024,2024,9736,0,1,0,0,0,15,3,1,0,0,0,0,0,0,0,0,0,0,0,0,0,0,1,0,0,0,1,1
2024,2024,8966,1,0,0,0,0,15,3,1,0,0,0,0,0,0,0,1,0,0,0,0,0,0,1,0,0,0,1,1
2024,2024,14832,0,1,0,0,0,15,3,1,0,0,0,0,0,0,0,0,0,0,1,0,0,0,1,0,0,0,1,1
2024,2024,14358,0,0,0,1,0,25,1,1,0,0,0,0,0,0,0,0,0,1,0,0,0,0,1,0,0,0,1,1
2024,2021,107895,1,0,0,0,0,25,3,1,0,0,0,0,0,0,0,0,0,0,1,0,0,0,1,0,0,0,1,1
2024,2021,151685,1,0,0,0,0,40,3,1,0,0,0,0,0,0,0,0,0,1,0,0,0,0,1,0,0,0,1,1
2024,2021,90797,1,0,0,0,0,25,3,0,0,1,0,0,0,0,0,0,0,0,1,0,0,0,1,0,0,0,1,1
2024,2024,37010,0,0,0,1,0,40,3,1,0,0,0,0,0,0,0,1,0,0,0,0,0,0,1,0,0,0,1,1
2024,2024,22183,1,0,0,0,0,25,3,0,0,1,0,0,0,0,0,1,0,0,0,0,0,0,1,0,0,0,1,1
2024,2024,2972,1,0,0,0,0,25,3,1,0,0,0,0,0,0,0,1,0,0,0,0,0,0,1,0,0,0,1,1
2024,2021,28632,1,0,0,0,0,45,3,1,0,0,0,0,0,0,0,0,0,0,1,0,0,0,1,0,0,0,1,1
2024,2021,69410,1,0,0,0,0,25,3,1,0,0,0,0,0,0,0,0,0,0,1,0,0,0,1,0,0,0,1,1
2024,2024,28037,0,1,0,0,0,5,3,1,0,0,0,0,0,0,0,0,0,0,1,0,0,0,1,0,0,0,1,1
2024,2024,3738,1,0,0,0,0,25,1,1,0,0,0,0,0,0,0,1,0,0,0,0,0,0,1,0,0,0,1,1
2024,2021,169580,0,0,0,1,0,40,1,1,0,0,0,0,0,0,0,1,0,0,0,0,0,0,1,0,0,0,1,1
2024,2021,111454,1,0,0,0,0,15,3,0,0,1,0,0,0,0,0,0,0,0,1,0,0,0,1,0,0,0,1,1
2024,2024,22069,1,0,0,0,0,30,3,1,0,0,0,0,0,0,0,0,0,0,1,0,0,0,1,0,0,0,1,1
2024,2021,92528,1,0,0,0,0,15,1,1,0,0,0,0,0,0,0,0,0,0,0,0,0,0,1,0,0,0,1,1
2024,2024,7815,1,0,0,0,0,25,3,0,0,1,0,0,0,0,0,1,0,0,0,0,0,0,1,0,0,0,1,1
2024,2024,16788,1,0,0,0,0,25,2,0,0,1,0,0,0,0,0,0,0,0,1,0,0,0,1,0,0,0,1,1
2024,2024,69,1,0,0,0,0,35,3,1,0,0,0,0,0,0,0,0,0,0,1,0,0,0,1,0,0,0,1,1
2024,2023,44998,0,0,1,0,1,75,3,0,0,0,0,1,0,0,0,0,0,0,0,0,0,0,1,0,0,0,1,1
2024,2024,58078,0,0,1,0,0,75,3,0,0,1,0,0,0,0,0,0,0,0,0,0,0,0,1,0,0,0,1,1
2024,2024,76583,0,0,1,0,0,75,3,1,0,0,0,0,0,0,0,0,0,0,0,0,0,0,1,0,0,0,1,1
2024,2024,76583,0,0,1,0,0,75,3,1,0,0,0,0,0,0,0,0,0,0,0,0,0,0,1,0,0,0,1,1
2024,2023,44998,0,0,1,0,1,75,3,0,0,0,0,1,0,0,0,0,0,0,0,0,0,0,1,0,0,0,1,1
2024,2024,58078,0,0,1,0,0,75,3,0,0,1,0,0,0,0,0,0,0,0,0,0,0,0,1,0,0,0,1,1
0,2024,531,1,0,0,0,0,25,1,1,0,0,0,0,0,0,0,0,0,0,1,0,0,0,1,0,0,0,1,1
0,2024,6527,0,0,0,1,0,45,3,1,0,0,0,0,0,0,0,1,0,0,0,0,0,0,0,0,1,0,1,3
0,2024,6205,1,0,0,0,0,15,3,1,0,0,0,0,0,0,0,0,0,0,1,0,0,0,1,0,0,0,1,1
0,2024,14604,1,0,0,0,0,35,3,1,0,0,0,0,0,0,0,0,0,0,0,0,0,0,1,0,0,0,1,1
0,2024,6495,0,0,0,1,0,15,3,1,0,0,0,0,0,0,0,1,0,0,0,0,0,0,1,0,0,0,1,1
0,2024,18249,1,0,0,0,0,25,3,1,0,0,0,0,0,0,0,0,0,0,0,0,0,0,1,0,0,0,1,1
0,2024,2573,1,0,0,0,0,20,1,1,0,0,0,0,0,0,0,0,1,0,0,0,0,0,1,0,0,0,1,1
0,2024,1381,1,0,0,0,0,35,1,1,0,0,0,0,0,0,0,0,0,0,0,0,0,1,1,0,0,0,1,1
0,2024,6527,0,0,0,1,0,45,3,1,0,0,0,0,0,0,0,1,0,0,0,0,0,0,0,0,1,0,1,3
2024,2024,0,1,0,0,0,0,45,3,1,0,0,0,0,0,0,0,0,0,0,0,0,0,0,1,0,0,0,0,1
2024,2024,1770,1,0,0,0,0,45,3,1,0,0,0,0,0,0,0,0,0,0,0,0,0,0,1,0,0,0,0,1
0,2024,6527,0,0,0,1,0,45,3,1,0,0,0,0,0,0,0,1,0,0,0,0,0,0,0,0,1,0,1,3
0,2021,144676,1,0,0,0,0,25,3,0,0,1,0,0,0,0,0,0,0,0,0,0,0,0,1,0,0,0,1,1
0,2024,16532,1,0,0,0,0,25,3,1,0,0,0,0,0,0,0,0,1,0,0,0,0,0,0,1,0,0,0,2
0,2024,3227,1,0,0,0,0,25,1,1,0,0,0,0,0,0,0,1,0,0,0,0,0,0,1,0,0,0,1,1
0,2024,6495,0,0,0,1,0,15,3,1,0,0,0,0,0,0,0,1,0,0,0,0,0,0,1,0,0,0,1,1
0,2017,56823,1,0,0,0,0,45,1,1,0,0,0,0,0,0,0,0,0,0,1,0,0,0,1,0,0,0,1,1
0,2021,160918,1,0,0,0,0,45,3,1,0,0,0,0,0,0,0,0,0,0,1,0,0,0,0,0,1,0,1,3
0,2024,20049,1,0,0,0,0,25,3,0,0,1,0,0,0,0,0,0,0,0,0,0,0,0,1,0,0,0,1,1
0,2021,160918,1,0,0,0,0,45,3,1,0,0,0,0,0,0,0,0,0,0,1,0,0,0,0,0,1,0,1,3
0,2024,16532,1,0,0,0,0,25,3,1,0,0,0,0,0,0,0,0,1,0,0,0,0,0,0,1,0,0,0,2
0,2024,16532,1,0,0,0,0,25,3,1,0,0,0,0,0,0,0,0,1,0,0,0,0,0,0,1,0,0,0,2
0,2024,20049,1,0,0,0,0,25,3,0,0,1,0,0,0,0,0,0,0,0,0,0,0,0,1,0,0,0,1,1
0,2021,90387,0,0,0,1,0,25,1,0,0,1,0,0,0,0,0,1,0,0,0,0,0,0,1,0,0,0,1,1
0,2021,56344,1,0,0,0,0,25,3,1,0,0,0,0,0,0,0,0,0,0,1,0,0,0,0,0,0,0,1,0
2024,2024,7345,1,0,0,0,0,25,1,1,0,0,0,0,0,0,0,0,0,0,1,0,0,0,1,0,0,0,1,1
2024,2024,25984,0,1,0,0,0,5,3,1,0,0,0,0,0,0,0,1,0,0,0,0,0,0,1,0,0,0,1,1
2024,2024,449,1,0,0,0,0,25,3,1,0,0,0,0,0,0,0,1,0,0,0,0,0,0,1,0,0,0,1,1
2024,2024,4329,1,0,0,0,0,40,3,0,0,1,0,0,0,0,0,0,0,0,1,0,0,0,1,0,0,0,1,1
2024,2024,9894,1,0,0,0,0,20,3,1,0,0,0,0,0,0,0,0,0,0,1,0,0,0,1,0,0,0,1,1
2024,2024,19267,1,0,0,0,0,20,1,1,0,0,0,0,0,0,0,0,0,0,1,0,0,0,1,0,0,0,1,1
2024,2024,18994,1,0,0,0,0,35,3,1,0,0,0,0,0,0,0,0,0,1,0,0,0,0,1,0,0,0,1,1
2024,2024,26111,0,1,0,0,0,15,3,1,0,0,0,0,0,0,0,1,0,0,0,0,0,0,1,0,0,0,1,1
2024,2024,1792,1,0,0,0,0,20,3,1,0,0,0,0,0,0,0,0,0,0,1,0,0,0,1,0,0,0,1,1
2024,2024,11567,1,0,0,0,0,25,3,1,0,0,0,0,0,0,0,1,0,0,0,0,0,0,1,0,0,0,1,1
2024,2024,11036,1,0,0,0,0,25,3,0,0,1,0,0,0,0,0,1,0,0,0,0,0,0,1,0,0,0,1,1
2024,2024,9670,1,0,0,0,0,25,1,0,0,1,0,0,0,0,0,0,0,0,1,0,0,0,1,0,0,0,1,1
2024,2024,8816,1,0,0,0,0,30,3,1,0,0,0,0,0,0,0,1,0,0,0,0,0,0,1,0,0,0,1,1
2024,2024,8190,1,0,0,0,0,25,3,1,0,0,0,0,0,0,0,1,0,0,0,0,0,0,1,0,0,0,1,1
2024,2024,11124,0,0,0,1,0,25,3,1,0,0,0,0,0,0,0,0,0,0,1,0,0,0,1,0,0,0,1,1
2024,2021,86073,0,0,0,1,0,25,3,1,0,0,0,0,0,0,0,1,0,0,0,0,0,0,1,0,0,0,1,1
2024,2024,9047,1,0,0,0,0,25,3,1,0,0,0,0,0,0,0,0,0,0,0,0,0,1,1,0,0,0,1,1
2024,2024,18992,1,0,0,0,0,40,3,1,0,0,0,0,0,0,0,1,0,0,0,0,0,0,1,0,0,0,1,1
2024,2019,27052,1,0,0,0,0,25,3,0,0,1,0,0,0,0,0,1,0,0,0,0,0,0,1,0,0,0,1,1
2024,2021,135319,0,1,0,0,0,10,3,1,0,0,0,0,0,0,0,0,0,0,0,0,0,0,1,0,0,0,1,1
2024,2021,91896,0,1,0,0,0,5,1,1,0,0,0,0,0,0,0,1,0,0,0,0,0,0,0,1,0,0,1,2
2024,2019,16733,1,0,0,0,0,25,3,1,0,0,0,0,0,0,0,1,0,0,0,0,0,0,1,0,0,0,1,1
2024,2019,68476,1,0,0,0,0,25,3,1,0,0,0,0,0,0,0,1,0,0,0,0,0,0,1,0,0,0,1,1
0,2017,115923,1,0,0,0,0,45,3,1,0,0,0,0,0,0,0,0,0,0,0,0,0,0,0,0,0,0,1,0
0,2021,78170,0,1,0,0,0,25,1,1,0,0,0,0,0,0,0,0,0,0,0,0,0,0,1,0,0,0,1,1
0,2021,138814,0,1,0,0,0,15,3,1,0,0,0,0,0,0,0,0,0,0,0,0,0,0,1,0,0,0,1,1
0,2021,139899,1,0,0,0,0,45,3,1,0,0,0,0,0,0,0,0,0,0,0,0,0,0,1,0,0,0,1,1
0,2021,160918,1,0,0,0,0,45,3,1,0,0,0,0,0,0,0,0,0,0,1,0,0,0,0,0,1,0,1,3
0,2021,160918,1,0,0,0,0,45,3,1,0,0,0,0,0,0,0,0,0,0,1,0,0,0,0,0,1,0,1,3
0,2021,88108,0,0,0,1,0,25,3,0,0,1,0,0,0,0,0,1,0,0,0,0,0,0,1,0,0,0,1,1
0,2024,26823,0,1,0,0,0,15,3,1,0,0,0,0,0,0,0,0,0,0,1,0,0,0,1,0,0,0,1,1
2024,2022,11837,1,0,0,0,0,35,3,1,0,0,0,0,0,0,0,0,0,0,1,0,0,0,1,0,0,0,0,1
2024,2022,10326,1,0,0,0,0,30,3,1,0,0,0,0,0,0,0,0,0,0,0,0,1,0,1,0,0,0,0,1
0,2017,115923,1,0,0,0,0,45,3,1,0,0,0,0,0,0,0,0,0,0,0,0,0,0,0,0,0,0,1,0
0,2021,127153,0,0,0,1,0,45,1,1,0,0,0,0,0,0,0,1,0,0,0,0,0,0,0,0,0,0,1,0
0,2021,85516,0,0,0,1,0,25,3,1,0,0,0,0,0,0,0,1,0,0,0,0,0,0,1,0,0,0,1,1
0,2021,104307,0,0,0,1,0,25,3,0,0,1,0,0,0,0,0,0,0,0,0,0,0,0,1,0,0,0,1,1
0,2024,431,1,0,0,0,0,25,0,1,0,0,0,0,0,0,0,1,0,0,0,0,0,0,1,0,0,0,1,1
0,2024,30108,1,0,0,0,0,35,1,1,0,0,0,0,0,0,0,0,0,0,0,0,0,1,0,0,0,0,1,0
0,2019,31992,1,0,0,0,0,25,3,1,0,0,0,0,0,0,0,0,1,0,0,0,0,0,0,1,0,0,0,2
0,2021,127153,0,0,0,1,0,45,1,1,0,0,0,0,0,0,0,1,0,0,0,0,0,0,0,0,0,0,1,0
0,2024,5287,0,0,0,1,0,25,3,1,0,0,0,0,0,0,0,0,0,0,1,0,0,0,1,0,0,0,1,1
0,2021,94884,0,0,0,1,0,25,3,1,0,0,0,0,0,0,0,0,0,0,0,0,0,0,1,0,0,0,1,1
0,2021,119981,0,1,0,0,0,5,3,1,0,0,0,0,0,0,0,0,0,0,0,0,0,0,1,0,0,0,1,1
0,2021,119981,0,1,0,0,0,5,3,1,0,0,0,0,0,0,0,0,0,0,0,0,0,0,1,0,0,0,1,1
0,2022,15976,1,0,0,0,0,25,3,1,0,0,0,0,0,0,0,0,1,0,0,0,0,0,1,0,0,0,0,1
0,2024,30107,1,0,0,0,0,35,1,1,0,0,0,0,0,0,0,0,0,0,0,0,0,1,0,0,0,0,1,0
0,2021,73354,0,0,0,1,0,25,1,0,0,1,0,0,0,0,0,0,0,0,1,0,0,0,1,0,0,0,1,1
0,2019,31992,1,0,0,0,0,25,3,1,0,0,0,0,0,0,0,0,1,0,0,0,0,0,0,1,0,0,0,2
0,2024,5287,0,0,0,1,0,25,3,1,0,0,0,0,0,0,0,0,0,0,1,0,0,0,1,0,0,0,1,1
0,2021,134631,1,0,0,0,0,40,1,1,0,0,0,0,0,0,0,1,0,0,0,0,0,0,0,1,0,0,1,2
0,2021,94884,0,0,0,1,0,25,3,1,0,0,0,0,0,0,0,0,0,0,0,0,0,0,1,0,0,0,1,1
0,2021,152712,0,0,0,1,0,40,1,1,0,0,0,0,0,0,0,0,0,0,1,0,0,0,1,0,0,0,1,1
0,2021,112590,0,1,0,0,0,5,3,1,0,0,0,0,0,0,0,0,1,0,0,0,0,0,0,0,0,0,0,0
0,2024,164,0,0,1,0,0,65,3,0,0,1,0,0,0,0,0,1,0,0,0,0,0,0,0,1,0,0,1,2
2024,2021,128293,0,0,0,1,0,35,3,0,0,1,0,0,0,0,0,1,0,0,0,0,0,0,1,0,0,0,1,1
2024,2020,7394,0,1,0,0,0,15,3,1,0,0,0,0,0,0,0,0,0,0,0,0,1,0,1,0,0,0,0,1
2024,2024,5587,0,0,0,1,0,25,3,1,0,0,0,0,0,0,0,1,0,0,0,0,0,0,0,1,0,0,1,2
2024,2024,25710,0,1,0,0,0,15,3,1,0,0,0,0,0,0,0,1,0,0,0,0,0,0,1,0,0,0,1,1
2024,2024,3200,1,0,0,0,0,25,0,1,0,0,0,0,0,0,0,0,0,0,1,0,0,0,1,0,0,0,1,1
0,2021,81873,0,0,0,1,0,40,3,1,0,0,0,0,0,0,0,1,0,0,0,0,0,0,0,0,0,0,1,0
0,2024,164,0,0,1,0,0,65,3,0,0,1,0,0,0,0,0,1,0,0,0,0,0,0,0,1,0,0,1,2
2024,2024,15703,0,0,0,1,0,25,3,1,0,0,0,0,0,0,0,0,0,0,0,0,0,0,1,0,0,0,1,1
2024,2024,6594,1,0,0,0,0,25,3,1,0,0,0,0,0,0,0,0,0,0,1,0,0,0,1,0,0,0,1,1
2024,2024,0,0,0,0,1,0,0,2,0,0,0,0,0,0,1,0,0,0,0,0,0,0,0,1,0,0,0,1,1
2024,2024,16368,1,0,0,0,0,25,3,1,0,0,0,0,0,0,0,0,0,0,1,0,0,0,1,0,0,0,1,1
2024,2021,78153,1,0,0,0,0,45,1,1,0,0,0,0,0,0,0,0,0,0,0,0,0,0,1,0,0,0,1,1
2024,2024,1436,0,1,0,0,0,15,3,1,0,0,0,0,0,0,0,0,0,0,0,0,0,0,1,0,0,0,1,1
2024,2021,90236,0,0,0,1,0,35,1,1,0,0,0,0,0,0,0,0,0,0,1,0,0,0,1,0,0,0,1,1
0,2023,3183,0,0,1,0,0,45,3,0,0,1,0,0,0,0,1,0,0,0,0,0,0,1,0,0,0,0,1,0
2024,2021,85292,1,0,0,0,0,25,3,0,0,1,0,0,0,0,0,0,0,0,0,0,0,1,1,0,0,0,1,1
2024,2021,127908,0,0,0,1,0,25,3,0,0,1,0,0,0,0,0,1,0,0,0,0,0,0,1,0,0,0,1,1
2024,2021,85096,1,0,0,0,0,45,3,1,0,0,0,0,0,0,0,0,0,0,1,0,0,0,1,0,0,0,1,1
2024,2024,15644,1,0,0,0,0,25,3,1,0,0,0,0,0,0,0,0,0,0,0,0,0,0,1,0,0,0,1,1
2024,2021,71211,1,0,0,0,0,20,3,1,0,0,0,0,0,0,0,1,0,0,0,0,0,0,1,0,0,0,1,1
2024,2024,10618,1,0,0,0,0,25,3,0,0,1,0,0,0,0,0,1,0,0,0,0,0,0,1,0,0,0,1,1
2024,2021,79252,1,0,0,0,0,25,1,1,0,0,0,0,0,0,0,0,0,0,1,0,0,0,1,0,0,0,1,1
2024,2021,34062,1,0,0,0,0,25,3,1,0,0,0,0,0,0,0,1,0,0,0,0,0,0,1,0,0,0,1,1
2024,2021,128293,0,0,0,1,0,35,3,0,0,1,0,0,0,0,0,1,0,0,0,0,0,0,1,0,0,0,1,1
2024,2021,129577,1,0,0,0,0,40,3,1,0,0,0,0,0,0,0,0,0,1,0,0,0,0,1,0,0,0,1,1
2024,0,0,0,1,0,0,0,15,3,0,0,1,0,0,0,0,0,0,0,0,0,0,1,0,1,0,0,0,0,1
2024,2024,14415,0,0,0,1,0,35,1,1,0,0,0,0,0,0,0,1,0,0,0,0,0,0,1,0,0,0,1,1
2024,2021,122972,1,0,0,0,0,40,1,1,0,0,0,0,0,0,0,0,0,0,0,1,0,0,1,0,0,0,1,1
2024,2024,22595,0,0,1,0,0,75,0,0,0,0,0,0,0,1,0,0,0,0,0,0,0,0,1,0,0,0,1,1
2024,2019,25430,1,0,0,0,0,35,3,1,0,0,0,0,0,0,0,1,0,0,0,0,0,0,1,0,0,0,0,1
0,2023,6808,1,0,0,0,0,35,2,1,0,0,0,0,0,0,0,1,0,0,0,0,0,0,0,0,1,0,1,3
0,2020,24248,0,0,0,1,0,25,3,1,0,0,0,0,0,0,0,0,0,0,0,0,0,1,1,0,0,0,1,1
0,2021,73354,0,0,0,1,0,25,1,0,0,1,0,0,0,0,0,0,0,0,1,0,0,0,1,0,0,0,1,1
2024,2024,22595,0,0,1,0,0,75,0,0,0,0,0,0,0,1,0,0,0,0,0,0,0,0,1,0,0,0,1,1
0,2020,24248,0,0,0,1,0,25,3,1,0,0,0,0,0,0,0,0,0,0,0,0,0,1,1,0,0,0,1,1
0,2023,6808,1,0,0,0,0,35,2,1,0,0,0,0,0,0,0,1,0,0,0,0,0,0,0,0,1,0,1,3
2024,2023,4247,1,0,0,0,0,35,3,1,0,0,0,0,0,0,0,0,0,0,1,0,0,0,1,0,0,0,1,1
0,2024,17265,0,0,0,1,0,25,2,0,0,1,0,0,0,0,0,1,0,0,0,0,0,0,1,0,0,0,1,1
0,2024,1283,0,0,0,1,0,20,1,1,0,0,0,0,0,0,0,1,0,0,0,0,0,0,1,0,0,0,1,1
0,2021,112590,0,1,0,0,0,5,3,1,0,0,0,0,0,0,0,0,1,0,0,0,0,0,0,0,0,0,0,0
0,2021,136899,0,0,0,1,0,40,1,1,0,0,0,0,0,0,0,1,0,0,0,0,0,0,1,0,0,0,1,1
0,2024,1283,0,0,0,1,0,20,1,1,0,0,0,0,0,0,0,1,0,0,0,0,0,0,1,0,0,0,1,1
0,2021,105914,1,0,0,0,0,40,3,1,0,0,0,0,0,0,0,1,0,0,0,0,0,0,1,0,0,0,1,1
0,2024,5004,1,0,0,0,0,25,1,1,0,0,0,0,0,0,0,1,0,0,0,0,0,0,1,0,0,0,1,1
0,2022,13728,0,0,0,1,0,30,3,1,0,0,0,0,0,0,0,1,0,0,0,0,0,0,1,0,0,0,1,1
0,2021,89544,0,0,0,1,0,45,3,1,0,0,0,0,0,0,0,0,0,0,0,0,0,0,1,0,0,0,1,1
2024,2024,277,0,0,1,0,0,65,0,1,0,0,0,0,0,0,0,0,0,0,0,1,0,0,1,0,0,0,1,1
2024,2024,164,0,0,1,0,0,65,3,0,0,1,0,0,0,0,0,1,0,0,0,0,0,0,1,0,0,0,1,1
0,2024,12239,0,0,0,1,0,35,3,1,0,0,0,0,0,0,0,0,0,0,0,0,0,0,1,0,0,0,1,1
0,2024,13931,0,0,0,1,0,25,1,1,0,0,0,0,0,0,0,1,0,0,0,0,0,0,0,0,1,0,1,3
0,2024,748,1,0,0,0,0,20,1,0,0,1,0,0,0,0,0,1,0,0,0,0,0,0,1,0,0,0,1,1
0,2021,134602,0,0,0,1,0,40,3,1,0,0,0,0,0,0,0,0,0,0,1,0,0,0,0,0,0,0,1,0
2024,2021,0,1,0,0,0,0,25,3,1,0,0,0,0,0,0,0,0,0,0,0,0,0,0,1,0,0,0,1,1
2024,2024,2619,1,0,0,0,0,25,1,1,0,0,0,0,0,0,0,0,0,0,0,0,1,0,1,0,0,0,1,1
2024,2024,3754,0,0,0,1,0,25,1,1,0,0,0,0,0,0,0,0,0,0,1,0,0,0,1,0,0,0,1,1
2024,2021,125840,0,1,0,0,0,15,3,1,0,0,0,0,0,0,0,1,0,0,0,0,0,0,1,0,0,0,1,1
2024,2024,5655,0,0,0,1,0,25,1,0,0,1,0,0,0,0,0,0,0,0,0,0,0,1,1,0,0,0,1,1
2024,2021,142222,1,0,0,0,0,30,3,1,0,0,0,0,0,0,0,1,0,0,0,0,0,0,1,0,0,0,1,1
2024,2021,81873,0,0,0,1,0,40,3,1,0,0,0,0,0,0,0,1,0,0,0,0,0,0,1,0,0,0,1,1
2024,2024,8640,0,1,0,0,0,15,3,0,0,1,0,0,0,0,0,0,0,1,0,0,0,0,1,0,0,0,1,1
2024,2021,71470,0,1,0,0,0,15,1,1,0,0,0,0,0,0,0,0,0,0,0,0,0,0,1,0,0,0,1,1
2024,2021,93214,0,1,0,0,0,15,3,1,0,0,0,0,0,0,0,1,0,0,0,0,0,0,1,0,0,0,1,1
0,2024,6858,1,0,0,0,0,35,1,0,0,1,0,0,0,0,0,0,0,0,1,0,0,0,1,0,0,0,0,1
2024,2024,164,0,0,1,0,0,65,3,0,0,1,0,0,0,0,0,1,0,0,0,0,0,0,1,0,0,0,1,1
2024,2024,164,1,0,0,0,0,35,1,0,0,1,0,0,0,0,0,0,0,0,1,0,0,0,1,0,0,0,0,1
2024,2021,90575,1,0,0,0,0,20,3,0,0,1,0,0,0,0,0,0,0,0,1,0,0,0,1,0,0,0,1,1
0,2021,129471,0,0,0,1,0,45,3,1,0,0,0,0,0,0,0,0,0,0,1,0,0,0,0,0,1,0,1,3
2024,2021,115012,1,0,0,0,0,40,1,1,0,0,0,0,0,0,0,0,0,0,0,0,0,1,1,0,0,0,1,1
2024,2024,9992,1,0,0,0,0,25,1,1,0,0,0,0,0,0,0,0,0,0,1,0,0,0,1,0,0,0,1,1
2024,2024,277,0,0,1,0,0,65,0,1,0,0,0,0,0,0,0,0,0,0,0,1,0,0,1,0,0,0,1,1
2024,2024,10931,0,1,0,0,0,25,3,1,0,0,0,0,0,0,0,0,0,0,0,0,0,0,1,0,0,0,1,1
2024,2021,2971,1,0,0,0,0,25,1,1,0,0,0,0,0,0,0,0,0,0,0,0,1,0,1,0,0,0,1,1
2024,2024,2215,1,0,0,0,0,25,3,1,0,0,0,0,0,0,0,0,0,0,1,0,0,0,1,0,0,0,1,1
2024,2023,20829,1,0,0,0,0,25,3,1,0,0,0,0,0,0,0,1,0,0,0,0,0,0,1,0,0,0,0,1
2024,2023,3805,0,1,0,0,0,0,3,0,0,0,0,0,0,1,0,1,0,0,0,0,0,0,1,0,0,0,1,1
2024,2024,54941,0,0,1,0,0,65,3,0,0,1,0,0,0,0,0,0,0,0,0,0,0,0,1,0,0,0,1,1
2024,2024,34065,0,0,1,0,0,75,1,0,0,1,0,0,0,0,0,0,0,0,0,1,0,0,1,0,0,0,1,1
2024,2022,13193,0,0,0,1,0,30,3,1,0,0,0,0,0,0,0,1,0,0,0,0,0,0,1,0,0,0,1,1
2024,2024,54941,0,0,1,0,0,65,3,0,0,1,0,0,0,0,0,0,0,0,0,0,0,0,1,0,0,0,1,1
2024,2024,34065,0,0,1,0,0,75,1,0,0,1,0,0,0,0,0,0,0,0,0,1,0,0,1,0,0,0,1,1
2024,2019,63792,1,0,0,0,0,35,3,1,0,0,0,0,0,0,0,0,0,0,0,0,0,0,1,0,0,0,1,1
0,2021,88586,0,1,0,0,0,15,3,1,0,0,0,0,0,0,0,0,0,0,1,0,0,0,1,0,0,0,1,1
0,2021,88635,0,0,0,1,0,25,3,0,0,1,0,0,0,0,0,0,0,1,0,0,0,0,1,0,0,0,1,1
0,2021,72368,0,1,0,0,0,15,3,1,0,0,0,0,0,0,0,0,0,0,0,0,0,0,1,0,0,0,1,1
2024,2022,11254,1,0,0,0,0,35,3,1,0,0,0,0,0,0,0,0,0,0,0,0,0,0,1,0,0,0,0,1
0,2023,6808,1,0,0,0,0,35,2,1,0,0,0,0,0,0,0,1,0,0,0,0,0,0,0,0,1,0,1,3
0,2023,6808,1,0,0,0,0,35,2,1,0,0,0,0,0,0,0,1,0,0,0,0,0,0,0,0,1,0,1,3
0,2024,748,1,0,0,0,0,20,1,0,0,1,0,0,0,0,0,1,0,0,0,0,0,0,1,0,0,0,1,1
0,2024,12239,0,0,0,1,0,35,3,1,0,0,0,0,0,0,0,0,0,0,0,0,0,0,1,0,0,0,1,1
0,2021,83878,0,0,0,1,0,25,3,1,0,0,0,0,0,0,0,0,0,0,1,0,0,0,1,0,0,0,1,1
0,2023,8136,1,0,0,0,0,25,3,1,0,0,0,0,0,0,0,1,0,0,0,0,0,0,1,0,0,0,1,1
0,2024,10820,0,1,0,0,0,10,3,1,0,0,0,0,0,0,0,0,0,0,0,0,0,0,1,0,0,0,1,1
0,2021,85104,1,0,0,0,0,25,1,1,0,0,0,0,0,0,0,0,0,0,0,0,0,1,0,1,0,0,1,2
0,2024,10820,0,1,0,0,0,10,3,1,0,0,0,0,0,0,0,0,0,0,0,0,0,0,1,0,0,0,1,1
0,2024,14933,1,0,0,0,0,15,3,1,0,0,0,0,0,0,0,0,0,0,0,0,0,0,1,0,0,0,1,1
0,2021,75016,0,0,0,1,0,25,1,1,0,0,0,0,0,0,0,1,0,0,0,0,0,0,1,0,0,0,1,1
0,2021,122747,0,0,1,0,0,65,0,0,0,1,0,0,0,0,0,1,0,0,0,0,0,0,0,0,0,1,1,4
0,2022,13160,0,0,0,1,0,25,3,1,0,0,0,0,0,0,0,0,0,0,0,0,0,0,1,0,0,0,0,1
0,2024,3344,1,0,0,0,0,25,3,0,0,1,0,0,0,0,0,1,0,0,0,0,0,0,0,1,0,0,1,2
0,2021,131785,0,1,0,0,0,15,3,1,0,0,0,0,0,0,0,1,0,0,0,0,0,0,1,0,0,0,1,1
0,2024,11224,0,0,0,1,0,20,3,1,0,0,0,0,0,0,0,0,0,0,0,0,0,0,1,0,0,0,1,1
0,2021,95182,0,0,0,1,0,40,1,1,0,0,0,0,0,0,0,1,0,0,0,0,0,0,0,1,0,0,1,2
0,2021,129471,0,0,0,1,0,45,3,1,0,0,0,0,0,0,0,0,0,0,1,0,0,0,1,0,0,0,1,1
2024,2021,113072,1,0,0,0,0,20,3,1,0,0,0,0,0,0,0,0,0,1,0,0,0,0,1,0,0,0,1,1
0,2021,131785,0,1,0,0,0,15,3,1,0,0,0,0,0,0,0,1,0,0,0,0,0,0,1,0,0,0,1,1
2024,2021,80954,0,1,0,0,0,15,1,1,0,0,0,0,0,0,0,0,0,0,0,0,0,0,1,0,0,0,1,1
2024,2024,6169,0,1,0,0,0,15,3,0,0,1,0,0,0,0,0,0,0,0,1,0,0,0,1,0,0,0,1,1
2024,2024,5980,0,0,0,1,0,20,3,1,0,0,0,0,0,0,0,1,0,0,0,0,0,0,1,0,0,0,1,1
2024,2021,113072,1,0,0,0,0,20,3,1,0,0,0,0,0,0,0,0,0,1,0,0,0,0,1,0,0,0,1,1
2024,2024,8087,0,0,0,1,0,20,3,1,0,0,0,0,0,0,0,1,0,0,0,0,0,0,1,0,0,0,1,1
2024,2021,68796,1,0,0,0,0,20,1,1,0,0,0,0,0,0,0,0,0,0,0,0,0,1,1,0,0,0,1,1
0,2021,88123,0,0,0,1,0,25,3,1,0,0,0,0,0,0,0,1,0,0,0,0,0,0,1,0,0,0,1,1
2024,2021,29249,1,0,0,0,0,15,3,0,0,1,0,0,0,0,0,1,0,0,0,0,0,0,0,1,0,0,1,2
2024,2021,130737,0,1,0,0,0,15,3,1,0,0,0,0,0,0,0,1,0,0,0,0,0,0,1,0,0,0,1,1
2024,2024,6164,0,0,0,1,0,35,3,1,0,0,0,0,0,0,0,0,0,0,0,0,0,1,1,0,0,0,1,1
2024,2021,88123,0,0,0,1,0,25,3,1,0,0,0,0,0,0,0,1,0,0,0,0,0,0,1,0,0,0,1,1
0,2024,905,1,0,0,0,0,25,3,1,0,0,0,0,0,0,0,0,0,1,0,0,0,0,1,0,0,0,1,1
2024,2022,8838,0,0,0,1,0,30,3,1,0,0,0,0,0,0,0,0,0,0,0,0,1,0,1,0,0,0,0,1
2024,2024,31782,0,0,1,0,0,65,3,0,0,1,0,0,0,0,0,0,0,0,0,0,0,0,1,0,0,0,1,1
2024,2023,2679,1,0,0,0,1,35,3,0,0,0,0,1,0,0,0,1,0,0,0,0,0,0,1,0,0,0,1,1
0,2021,122747,0,0,1,0,0,65,0,0,0,1,0,0,0,0,0,1,0,0,0,0,0,0,0,0,0,0,1,0
2024,2024,31782,0,0,1,0,0,65,3,0,0,1,0,0,0,0,0,0,0,0,0,0,0,0,1,0,0,0,1,1
0,2021,122747,0,0,1,0,0,65,0,0,0,1,0,0,0,0,0,1,0,0,0,0,0,0,0,0,0,0,1,0
2024,2017,57577,0,0,0,1,0,45,3,1,0,0,0,0,0,0,0,1,0,0,0,0,0,0,1,0,0,0,1,1
0,2021,74147,1,0,0,0,0,25,3,1,0,0,0,0,0,0,0,0,0,1,0,0,0,0,1,0,0,0,1,1
0,2024,11224,0,0,0,1,0,20,3,1,0,0,0,0,0,0,0,0,0,0,0,0,0,0,1,0,0,0,1,1
0,2019,14560,0,0,0,1,0,25,3,1,0,0,0,0,0,0,0,0,0,0,0,0,0,0,0,1,0,0,1,2
0,2021,134602,0,0,0,1,0,40,3,1,0,0,0,0,0,0,0,0,0,0,1,0,0,0,1,0,0,0,1,1
0,2024,8535,0,0,0,1,0,25,2,1,0,0,0,0,0,0,0,1,0,0,0,0,0,0,1,0,0,0,1,1
0,2019,59843,1,0,0,0,0,45,3,1,0,0,0,0,0,0,0,0,0,0,0,0,0,0,0,1,0,0,1,2
2023,2021,22980,0,0,0,1,0,35,3,1,0,0,0,0,0,0,0,1,0,0,0,0,0,0,1,0,0,0,1,1
0,2021,56344,1,0,0,0,0,25,3,1,0,0,0,0,0,0,0,0,0,0,1,0,0,0,1,0,0,0,1,1
0,2021,118480,1,0,0,0,0,35,3,1,0,0,0,0,0,0,0,1,0,0,0,0,0,0,0,1,0,0,0,2
0,2019,14560,0,0,0,1,0,25,3,1,0,0,0,0,0,0,0,0,0,0,0,0,0,0,0,1,0,0,1,2
0,2019,59843,1,0,0,0,0,45,3,1,0,0,0,0,0,0,0,0,0,0,0,0,0,0,0,1,0,0,1,2
0,2021,63723,0,0,0,1,0,25,1,1,0,0,0,0,0,0,0,1,0,0,0,0,0,0,1,0,0,0,1,1
0,2021,114928,1,0,0,0,0,35,3,0,0,1,0,0,0,0,0,0,0,0,0,0,0,1,1,0,0,0,1,1
2024,2023,105033,0,0,1,0,0,75,3,1,0,0,0,0,0,0,0,1,0,0,0,0,0,0,1,0,0,0,1,1
2023,2024,676,0,0,0,1,0,30,3,1,0,0,0,0,0,0,0,0,0,1,0,0,0,0,1,0,0,0,1,1
2024,2024,549,1,0,0,0,1,30,3,0,0,0,0,1,0,0,0,0,0,0,0,0,0,1,1,0,0,0,1,1
2024,2021,91787,0,0,0,1,0,25,3,1,0,0,0,0,0,0,0,1,0,0,0,0,0,0,1,0,0,0,1,1
2024,2024,549,1,0,0,0,1,30,3,0,0,0,0,1,0,0,0,0,0,0,0,0,0,1,1,0,0,0,1,1
2024,2021,80319,1,0,0,0,0,25,1,1,0,0,0,0,0,0,0,1,0,0,0,0,0,0,1,0,0,0,1,1
2024,2021,111866,1,0,0,0,0,30,3,1,0,0,0,0,0,0,0,0,0,0,1,0,0,0,1,0,0,0,1,1
2024,2024,676,0,0,0,1,0,30,3,1,0,0,0,0,0,0,0,0,0,1,0,0,0,0,1,0,0,0,1,1
2024,2021,38500,0,0,0,1,0,30,3,1,0,0,0,0,0,0,0,1,0,0,0,0,0,0,1,0,0,0,1,1
2024,2021,25288,1,0,0,0,0,25,3,1,0,0,0,0,0,0,0,0,0,0,0,0,0,0,1,0,0,0,1,1
2024,2021,101912,1,0,0,0,0,30,1,1,0,0,0,0,0,0,0,0,0,0,0,0,0,0,1,0,0,0,1,1
2024,2021,1150344,0,0,0,1,0,25,1,1,0,0,0,0,0,0,0,1,0,0,0,0,0,0,1,0,0,0,1,1
2024,2021,1119636,0,0,0,1,0,40,1,1,0,0,0,0,0,0,0,0,0,0,0,0,0,0,1,0,0,0,1,1
2024,2024,3714,1,0,0,0,0,25,3,1,0,0,0,0,0,0,0,0,0,0,1,0,0,0,1,0,0,0,1,1
2024,2024,3382,1,0,0,0,1,25,1,0,0,1,0,0,0,0,0,0,0,0,1,0,0,0,1,0,0,0,1,1
2024,2021,91787,0,0,0,1,0,25,3,1,0,0,0,0,0,0,0,1,0,0,0,0,0,0,1,0,0,0,1,1
2024,2024,10257,1,0,0,0,0,45,1,1,0,0,0,0,0,0,0,0,0,0,0,0,0,0,1,0,0,0,1,1
2024,2021,114335,0,0,0,1,0,30,3,0,0,1,0,0,0,0,0,0,0,0,0,0,0,1,0,1,0,0,1,2
2024,2021,112982,1,0,0,0,1,35,1,0,0,0,0,1,0,0,0,0,0,0,1,0,0,0,1,0,0,0,1,1
2024,2024,3222,0,0,0,1,1,10,1,0,0,0,0,1,0,0,0,0,0,0,1,0,0,0,1,0,0,0,1,1
2024,2024,9139,0,0,0,1,0,25,3,1,0,0,0,0,0,0,0,1,0,0,0,0,0,0,1,0,0,0,1,1
2024,2021,119359,0,0,0,1,0,45,1,1,0,0,0,0,0,0,0,1,0,0,0,0,0,0,1,0,0,0,1,1
2024,2023,105033,0,0,1,0,0,75,3,1,0,0,0,0,0,0,0,1,0,0,0,0,0,0,1,0,0,0,1,1
2024,2022,12581,1,0,0,0,0,25,2,1,0,0,0,0,0,0,0,0,0,0,0,0,0,0,1,0,0,0,0,1
2024,2017,22173,1,0,0,0,0,45,3,1,0,0,0,0,0,0,0,0,0,0,1,0,0,0,1,0,0,0,1,1
2024,2019,66817,1,0,0,0,1,45,3,1,0,0,0,0,0,0,0,0,0,0,0,0,0,1,0,1,0,0,1,2
0,2024,21238,0,0,0,1,0,25,3,0,0,1,0,0,0,0,0,0,0,1,0,0,0,0,1,0,0,0,1,1
0,2021,142185,1,0,0,0,0,35,3,1,0,0,0,0,0,0,0,1,0,0,0,0,0,0,1,0,0,0,1,1
0,2021,30030,1,0,0,0,1,25,1,0,0,0,0,1,0,0,0,0,0,0,1,0,0,0,1,0,0,0,1,1
0,2021,118140,0,0,0,1,0,40,3,1,0,0,0,0,0,0,0,1,0,0,0,0,0,0,0,1,0,0,1,2
0,2024,338,1,0,0,0,0,35,3,1,0,0,0,0,0,0,0,0,0,0,0,0,0,0,1,0,0,0,0,1
0,2021,122999,1,0,0,0,0,35,3,1,0,0,0,0,0,0,0,1,0,0,0,0,0,0,1,0,0,0,1,1
0,2021,122999,1,0,0,0,0,35,3,1,0,0,0,0,0,0,0,1,0,0,0,0,0,0,1,0,0,0,1,1
0,2024,3344,1,0,0,0,0,25,3,0,0,1,0,0,0,0,0,1,0,0,0,0,0,0,0,1,0,0,1,2
2024,2021,100854,1,0,0,0,1,30,1,0,0,1,0,0,0,0,0,1,0,0,0,0,0,0,1,0,0,0,1,1
2024,2022,1255,1,0,0,0,1,35,3,0,1,0,0,0,0,0,0,0,0,0,1,0,0,0,1,0,0,0,1,1
2024,2024,338,1,0,0,0,0,35,3,1,0,0,0,0,0,0,0,0,0,0,0,0,0,0,1,0,0,0,0,1
2024,2021,133760,0,0,0,1,0,25,1,1,0,0,0,0,0,0,0,1,0,0,0,0,0,0,0,0,0,0,1,0
2024,2021,892177,1,0,0,0,0,25,3,1,0,0,0,0,0,0,0,0,0,1,0,0,0,0,1,0,0,0,1,1
2024,2021,104482,1,0,0,0,0,25,3,1,0,0,0,0,0,0,0,0,0,1,0,0,0,0,1,0,0,0,1,1
2024,2021,114290,1,0,0,0,0,40,1,1,0,0,0,0,0,0,0,0,0,0,0,0,0,0,1,0,0,0,1,1
2024,2021,125707,1,0,0,0,0,40,1,1,0,0,0,0,0,0,0,0,0,0,1,0,0,0,1,0,0,0,1,1
2024,2021,100854,1,0,0,0,1,30,1,0,0,1,0,0,0,0,0,1,0,0,0,0,0,0,1,0,0,0,1,1
2024,2021,103278,0,0,0,1,0,40,1,1,0,0,0,0,0,0,0,0,0,0,1,0,0,0,1,0,0,0,1,1
0,2021,122999,1,0,0,0,0,35,3,1,0,0,0,0,0,0,0,1,0,0,0,0,0,0,1,0,0,0,1,1
2024,2021,61023,1,0,0,0,1,25,1,0,0,0,0,1,0,0,0,0,0,0,0,0,0,0,1,0,0,0,1,1
2024,2023,108193,0,0,1,0,0,75,2,0,0,1,0,0,0,0,0,0,0,1,0,0,0,0,1,0,0,0,0,1
2024,2019,52867,1,0,0,0,0,25,3,1,0,0,0,0,0,0,0,0,0,0,0,0,0,0,1,0,0,0,1,1
2024,2019,35228,0,0,0,1,0,25,3,1,0,0,0,0,0,0,0,1,0,0,0,0,0,0,1,0,0,0,1,1
2024,2017,0,0,0,0,1,0,35,3,1,0,0,0,0,0,0,0,0,0,0,0,0,0,1,0,1,0,0,1,2
0,2021,64007,0,0,0,1,0,25,1,1,0,0,0,0,0,0,0,1,0,0,0,0,0,0,1,0,0,0,1,1
2024,2024,338,1,0,0,0,0,35,3,1,0,0,0,0,0,0,0,0,0,0,0,0,0,0,1,0,0,0,0,1
0,2021,118480,1,0,0,0,0,35,3,1,0,0,0,0,0,0,0,1,0,0,0,0,0,0,0,1,0,0,0,2
0,2021,102778,0,0,1,0,0,65,1,1,0,0,0,0,0,0,0,1,0,0,0,0,0,0,0,1,0,0,1,2
0,2021,102778,0,0,1,0,0,65,1,1,0,0,0,0,0,0,0,1,0,0,0,0,0,0,0,1,0,0,1,2
0,2021,80882,0,0,0,1,0,25,3,0,0,1,0,0,0,0,0,0,0,0,0,0,0,0,1,0,0,0,1,1
0,2024,1328,0,0,0,1,1,40,3,0,0,1,0,0,0,0,0,1,0,0,0,0,0,0,1,0,0,0,1,1
0,2021,80882,0,0,0,1,0,25,3,0,0,1,0,0,0,0,0,0,0,0,0,0,0,0,1,0,0,0,1,1
0,2021,86181,0,0,0,1,0,25,3,1,0,0,0,0,0,0,0,0,1,0,0,0,0,0,0,1,0,0,1,2
0,2024,1328,0,0,0,1,1,40,3,0,0,1,0,0,0,0,0,1,0,0,0,0,0,0,1,0,0,0,1,1
2024,2021,90976,0,0,0,1,0,45,1,1,0,0,0,0,0,0,0,0,0,0,1,0,0,0,1,0,0,0,1,1
0,2024,1328,0,0,0,1,1,40,3,0,0,1,0,0,0,0,0,1,0,0,0,0,0,0,1,0,0,0,1,1
0,2021,101858,0,0,0,1,0,35,1,1,0,0,0,0,0,0,0,0,0,0,1,0,0,0,0,0,0,0,1,0
2024,2021,75591,0,0,0,1,1,25,1,0,0,0,0,1,0,0,0,1,0,0,0,0,0,0,1,0,0,0,1,1
2024,2021,63054,0,0,0,1,0,25,1,1,0,0,0,0,0,0,0,0,0,0,0,0,0,0,1,0,0,0,1,1
2024,2021,0,0,0,0,1,0,40,3,0,0,1,0,0,0,0,0,0,0,0,0,0,0,0,0,0,0,0,1,0
2024,2021,114229,0,0,0,1,0,40,2,1,0,0,0,0,0,0,0,0,0,0,1,0,0,0,1,0,0,0,1,1
2024,2021,85993,0,0,0,1,0,35,3,1,0,0,0,0,0,0,0,0,0,0,1,0,0,0,1,0,0,0,1,1
2024,2021,56344,1,0,0,0,0,25,3,1,0,0,0,0,0,0,0,0,0,0,1,0,0,0,1,0,0,0,1,1
2024,2021,94478,0,0,0,1,0,35,3,1,0,0,0,0,0,0,0,0,0,1,0,0,0,0,1,0,0,0,1,1
2024,2021,90976,0,0,0,1,0,45,1,1,0,0,0,0,0,0,0,0,0,0,1,0,0,0,1,0,0,0,1,1
2024,2023,108193,0,0,1,0,0,75,2,0,0,1,0,0,0,0,0,0,0,1,0,0,0,0,1,0,0,0,0,1
2024,2023,13961,1,0,0,0,0,20,3,1,0,0,0,0,0,0,0,1,0,0,0,0,0,0,1,0,0,0,0,1
2024,2022,4801,0,0,0,1,0,25,3,1,0,0,0,0,0,0,0,1,0,0,0,0,0,0,1,0,0,0,1,1
2024,2022,7377,0,0,0,1,1,25,3,0,0,0,0,1,0,0,0,1,0,0,0,0,0,0,1,0,0,0,1,1
2024,2017,80742,0,0,0,1,0,35,3,1,0,0,0,0,0,0,0,1,0,0,0,0,0,0,1,0,0,0,1,1
2024,2017,90280,1,0,0,0,0,20,3,1,0,0,0,0,0,0,0,1,0,0,0,0,0,0,1,0,0,0,1,1
2024,2017,90477,0,0,0,1,0,20,1,1,0,0,0,0,0,0,0,0,0,0,1,0,0,0,1,0,0,0,1,1
0,2021,86181,0,0,0,1,0,25,3,1,0,0,0,0,0,0,0,0,1,0,0,0,0,0,0,1,0,0,1,2
0,2021,74662,1,0,0,0,1,25,3,0,0,1,0,1,0,0,0,1,0,0,0,0,0,0,1,0,0,0,1,1
0,2021,107479,0,1,0,0,0,15,3,1,0,0,0,0,0,0,0,0,0,0,0,0,0,0,1,0,0,0,1,1
0,2021,75945,1,0,0,0,0,35,3,0,0,1,0,0,0,0,0,0,0,0,0,0,0,0,1,0,0,0,1,1
0,2021,112503,0,1,0,0,0,5,3,0,0,1,0,0,0,0,0,0,0,0,0,0,0,0,1,0,0,0,1,1
0,2020,0,1,0,0,0,0,30,3,1,0,0,0,0,0,0,0,1,0,0,0,0,0,0,1,0,0,0,0,1
2023,0,0,0,0,0,0,0,0,0,0,0,0,0,0,0,0,0,0,0,0,0,0,0,0,0,0,0,0,0,0
0,2022,8963,1,0,0,0,0,30,3,1,0,0,0,0,0,0,0,1,0,0,0,0,0,0,1,0,0,0,1,1
2023,2021,78758,0,0,0,1,0,45,1,1,0,0,0,0,0,0,0,0,0,0,1,0,0,0,1,0,0,0,1,1
2023,2021,83225,1,0,0,0,0,25,1,1,0,0,0,0,0,0,0,0,0,0,1,0,0,0,1,0,0,0,1,1
2023,2021,104891,0,1,0,0,0,15,3,1,0,0,0,0,0,0,0,0,0,0,1,0,0,0,1,0,0,0,1,1
2023,2021,74294,1,0,0,0,1,25,2,0,0,1,0,0,0,0,0,1,0,0,0,0,0,0,1,0,0,0,1,1
2023,2021,95560,1,0,0,0,0,25,3,1,0,0,0,0,0,0,0,0,0,0,0,0,0,1,1,0,0,0,1,1
2023,2021,99143,0,0,0,1,0,30,1,1,0,0,0,0,0,0,0,1,0,0,0,0,0,0,1,0,0,0,1,1
2023,2021,62115,0,0,0,1,0,25,3,0,0,1,0,0,0,0,0,0,0,1,0,0,0,0,1,0,0,0,1,1
2023,2021,56694,1,0,0,0,0,25,3,0,0,1,0,0,0,0,0,1,0,0,0,0,0,0,1,0,0,0,1,1
2023,2021,93672,1,0,0,0,0,40,3,1,0,0,0,0,0,0,0,0,0,0,0,0,0,1,1,0,0,0,1,1
2023,2021,71577,0,0,0,1,0,40,1,1,0,0,0,0,0,0,0,1,0,0,0,0,0,0,1,0,0,0,1,1
2023,2021,78758,0,0,0,1,0,45,1,1,0,0,0,0,0,0,0,0,0,0,1,0,0,0,1,0,0,0,1,1
2023,2021,59898,1,0,0,0,0,25,3,0,0,1,0,0,0,0,0,0,0,1,0,0,0,0,1,0,0,0,1,1
2023,2021,52254,1,0,0,0,1,20,3,0,0,0,0,1,0,0,0,0,0,0,0,0,0,0,1,0,0,0,1,1
2024,2017,62068,0,0,1,0,0,50,3,1,0,0,0,0,0,0,0,1,0,0,0,0,0,0,1,0,0,0,0,1
2023,2023,64838,0,0,1,0,1,75,3,0,0,1,0,1,0,0,0,0,0,0,0,1,0,0,1,0,0,0,1,1
2023,2023,64838,0,0,1,0,1,75,3,0,0,1,0,1,0,0,0,0,0,0,0,1,0,0,1,0,0,0,1,1
0,2021,101858,0,0,0,1,0,35,1,1,0,0,0,0,0,0,0,0,0,0,1,0,0,0,0,0,0,0,1,0
0,2021,76785,1,0,0,0,0,25,1,1,0,0,0,0,0,0,0,0,0,0,0,0,0,1,1,0,0,0,1,1
0,2021,90362,0,0,0,1,1,40,3,0,0,1,0,0,0,0,0,1,0,0,0,0,0,0,0,1,0,0,1,2
0,2020,5226,1,0,0,0,0,30,3,1,0,0,0,0,0,0,0,0,0,0,1,0,0,0,1,0,0,0,1,1
0,2021,92003,0,0,0,1,0,30,3,0,0,1,0,0,0,0,0,1,0,0,0,0,0,0,1,0,0,0,1,1
0,2021,96115,0,0,0,1,0,40,3,1,0,0,0,0,0,0,0,0,0,0,0,0,1,0,0,1,0,0,1,2
0,2021,70533,0,0,0,1,0,25,3,1,0,0,0,0,0,0,0,1,0,0,0,0,0,0,0,1,0,0,1,2
0,2021,102570,0,0,0,1,0,35,3,1,0,0,0,0,0,0,0,0,0,0,0,0,0,1,1,0,0,0,1,1
2023,2021,47504,1,0,0,0,0,20,3,1,0,0,0,0,0,0,0,0,0,0,0,0,1,0,1,0,0,0,1,1
2023,2021,76385,0,0,0,1,0,30,1,1,0,0,0,0,0,0,0,1,0,0,0,0,0,0,1,0,0,0,1,1
2023,2021,53528,0,0,0,1,0,30,1,1,0,0,0,0,0,0,0,0,0,0,0,0,0,1,1,0,0,0,1,1
2023,2021,79098,0,0,0,1,0,25,3,1,0,0,0,0,0,0,0,1,0,0,0,0,0,0,1,0,0,0,1,1
2023,2021,76385,0,0,0,1,0,30,1,1,0,0,0,0,0,0,0,1,0,0,0,0,0,0,1,0,0,0,1,1
2023,2021,77212,0,1,0,0,0,15,1,1,0,0,0,0,0,0,0,0,0,0,0,0,0,0,1,0,0,0,1,1
2023,2023,83468,0,0,1,0,1,75,3,0,0,0,0,1,0,0,0,0,0,0,0,0,0,1,1,0,0,0,1,1
2023,2021,53528,0,0,0,1,0,30,1,1,0,0,0,0,0,0,0,0,0,0,0,0,0,1,1,0,0,0,1,1
2023,2021,79098,0,0,0,1,0,25,3,1,0,0,0,0,0,0,0,1,0,0,0,0,0,0,1,0,0,0,1,1
2023,2021,52707,0,1,0,0,0,5,3,1,0,0,0,0,0,0,0,0,0,0,0,0,0,0,1,0,0,0,1,1
2023,2023,83468,0,0,1,0,1,75,3,0,0,0,0,1,0,0,0,0,0,0,0,0,0,1,1,0,0,0,1,1
0,2023,5091,0,0,0,1,0,25,1,1,0,0,0,0,0,0,0,0,0,0,0,0,0,0,0,0,0,1,0,4
0,2023,5091,0,0,0,1,0,25,1,1,0,0,0,0,0,0,0,0,0,0,0,0,0,0,0,0,0,1,0,4
2023,2020,0,0,0,0,1,0,25,3,1,0,0,0,0,0,0,0,0,0,0,0,0,0,0,1,0,0,0,1,1
0,2022,609,0,0,0,1,0,15,3,1,0,0,0,0,0,0,0,0,0,0,1,0,0,0,1,0,0,0,1,1
0,2022,609,0,0,0,1,0,15,3,1,0,0,0,0,0,0,0,0,0,0,1,0,0,0,1,0,0,0,1,1
0,2021,86018,0,0,0,1,1,45,1,0,0,0,0,1,0,0,0,1,0,0,0,0,0,0,1,0,0,0,1,1
2023,2016,0,0,0,0,1,0,25,3,1,0,0,0,0,0,0,0,0,0,0,0,0,0,0,1,0,0,0,0,1
0,2017,0,1,0,0,0,0,25,3,1,0,0,0,0,0,0,0,0,0,0,1,0,0,0,1,0,0,0,0,1
0,2020,0,0,0,0,1,0,25,3,1,0,0,0,0,0,0,0,0,0,0,0,0,0,0,1,0,0,0,0,1
2023,2021,86499,0,0,0,1,0,25,3,1,0,0,0,0,0,0,0,0,0,0,1,0,0,0,1,0,0,0,1,1
2023,2023,54469,0,0,0,1,0,25,3,1,0,0,0,0,0,0,0,1,0,0,0,0,0,0,1,0,0,0,1,1
2023,2021,49823,1,0,0,0,0,25,3,1,0,0,0,0,0,0,0,0,0,0,0,0,1,0,1,0,0,0,1,1
2023,2023,55661,1,0,0,0,0,25,1,1,0,0,0,0,0,0,0,1,0,0,0,0,0,0,1,0,0,0,1,1
2023,2021,86499,0,0,0,1,0,25,3,1,0,0,0,0,0,0,0,0,0,0,1,0,0,0,1,0,0,0,1,1
2023,2021,82124,0,1,0,0,0,15,2,1,0,0,0,0,0,0,0,0,0,0,0,0,1,0,1,0,0,0,1,1
2023,2021,56088,1,0,0,0,0,25,3,0,0,1,0,0,0,0,0,1,0,0,0,0,0,0,1,0,0,0,1,1
2023,2021,51633,1,0,0,0,0,25,3,1,0,0,0,0,0,0,0,1,0,0,0,0,0,0,1,0,0,0,1,1
2023,2021,58352,0,0,0,1,0,20,3,1,0,0,0,0,0,0,0,0,0,0,0,0,0,1,1,0,0,0,1,1
2023,2021,20960,1,0,0,0,0,30,3,0,0,1,0,0,0,0,0,0,0,0,0,0,0,0,1,0,0,0,0,1
0,2023,9518,0,0,0,1,0,30,1,1,0,0,0,0,0,0,0,0,0,0,1,0,0,0,1,0,0,0,1,1
0,2023,9518,0,0,0,1,0,30,1,1,0,0,0,0,0,0,0,0,0,0,1,0,0,0,1,0,0,0,1,1
2023,2023,5749,0,0,0,1,1,25,1,0,0,1,0,0,0,0,0,1,0,0,0,0,0,0,1,0,0,0,1,1
2023,2023,14784,1,0,0,0,0,25,3,1,0,0,0,0,0,0,0,0,0,0,0,0,1,0,1,0,0,0,1,1
2023,2023,7929,1,0,0,0,0,25,1,1,0,0,0,0,0,0,0,1,0,0,0,0,0,0,1,0,0,0,1,1
2023,2023,10601,0,0,0,1,0,25,1,1,0,0,0,0,0,0,0,0,0,0,0,0,0,1,1,0,0,0,1,1
2023,2017,42988,1,0,0,0,0,25,1,1,0,0,0,0,0,0,0,0,0,0,1,0,0,0,1,0,0,0,1,1
2023,2017,54622,1,0,0,0,0,25,3,1,0,0,0,0,0,0,0,1,0,0,0,0,0,0,1,0,0,0,1,1
2023,2022,18768,0,0,0,1,0,15,1,1,0,0,0,0,0,0,0,0,0,0,1,0,0,0,1,0,0,0,1,1
2023,2023,12092,0,0,0,1,0,25,1,1,0,0,0,0,0,0,0,1,0,0,0,0,0,0,1,0,0,0,1,1
2023,2023,8449,1,0,0,0,0,25,3,1,0,0,0,0,0,0,0,0,0,1,0,0,0,0,1,0,0,0,1,1
2023,2023,12551,0,0,0,1,0,25,1,1,0,0,0,0,0,0,0,0,0,0,0,0,0,1,1,0,0,0,1,1
0,2021,64204,0,0,0,1,0,25,1,1,0,0,0,0,0,0,0,1,0,0,0,0,0,0,0,0,0,1,1,4
2023,2022,18768,0,0,0,1,0,15,1,1,0,0,0,0,0,0,0,0,0,0,1,0,0,0,1,0,0,0,1,1
2023,2023,12092,0,0,0,1,0,25,1,1,0,0,0,0,0,0,0,1,0,0,0,0,0,0,1,0,0,0,1,1
2023,2023,8449,1,0,0,0,0,25,3,1,0,0,0,0,0,0,0,0,0,1,0,0,0,0,1,0,0,0,1,1
2023,2023,12551,0,0,0,1,0,25,1,1,0,0,0,0,0,0,0,0,0,0,0,0,0,1,1,0,0,0,1,1
2023,2023,5749,0,0,0,1,1,25,1,0,0,1,0,0,0,0,0,1,0,0,0,0,0,0,1,0,0,0,1,1
2023,2023,14784,1,0,0,0,0,25,3,1,0,0,0,0,0,0,0,0,0,0,0,0,1,0,1,0,0,0,1,1
2023,2023,7929,1,0,0,0,0,25,1,1,0,0,0,0,0,0,0,1,0,0,0,0,0,0,1,0,0,0,1,1
2023,2023,10601,0,0,0,1,0,25,1,1,0,0,0,0,0,0,0,0,0,0,0,0,0,1,1,0,0,0,1,1
0,2017,65425,1,0,0,0,0,25,1,1,0,0,0,0,0,0,0,0,0,0,0,0,0,0,0,1,0,0,0,2
0,2017,65425,1,0,0,0,0,25,1,1,0,0,0,0,0,0,0,0,0,0,0,0,0,0,0,1,0,0,0,2
0,0,0,0,0,0,1,0,25,3,1,0,0,0,0,0,0,0,0,0,0,0,0,0,0,1,0,0,0,1,1
0,2021,642038,0,0,0,1,0,25,1,1,0,0,0,0,0,0,0,1,0,0,0,0,0,0,0,0,0,1,1,4
0,2023,5091,0,0,0,1,0,25,1,1,0,0,0,0,0,0,0,0,0,0,0,0,0,0,0,0,0,1,0,4
0,2023,5091,0,0,0,1,0,25,1,1,0,0,0,0,0,0,0,0,0,0,0,0,0,0,0,0,0,1,0,4
0,2021,89981,1,0,0,0,0,45,1,1,0,0,0,0,0,0,0,1,0,0,0,0,0,0,0,1,0,0,1,2
2023,2019,278167,0,0,1,0,0,75,3,1,0,0,0,0,0,0,0,0,0,1,0,0,0,0,1,0,0,0,1,1
2023,2019,278167,0,0,1,0,0,75,3,1,0,0,0,0,0,0,0,0,0,1,0,0,0,0,1,0,0,0,1,1
0,2021,73225,1,0,0,0,0,25,3,1,0,0,0,0,0,0,0,0,0,0,0,0,0,0,1,0,0,0,1,1
0,2021,78568,0,0,0,1,0,25,3,1,0,0,0,0,0,0,0,0,1,0,0,0,0,0,1,0,0,0,1,1
0,2021,78568,0,0,0,1,0,25,3,1,0,0,0,0,0,0,0,0,1,0,0,0,0,0,1,0,0,0,1,1
0,2023,15003,1,0,0,0,0,25,1,1,0,0,0,0,0,0,0,0,0,0,0,0,0,0,0,0,1,0,1,3
0,2023,15003,1,0,0,0,0,25,1,1,0,0,0,0,0,0,0,0,0,0,0,0,0,0,0,0,1,0,1,3
0,2021,76624,1,0,0,0,0,25,1,1,0,0,0,0,0,0,0,0,0,0,0,0,0,0,1,0,0,0,1,1
0,2023,76843,1,0,0,0,0,45,3,1,0,0,0,0,0,0,0,0,0,0,0,0,0,0,0,0,0,0,1,0
0,2021,49500,0,0,0,1,0,35,1,1,0,0,0,0,0,0,0,1,0,0,0,0,0,0,1,0,0,0,0,1
2023,2021,49500,0,0,0,1,0,35,1,1,0,0,0,0,0,0,0,1,0,0,0,0,0,0,1,0,0,0,0,1
0,2021,78568,0,0,0,1,0,25,3,1,0,0,0,0,0,0,0,0,1,0,0,0,0,0,1,0,0,0,1,1
0,2023,594,1,0,0,0,0,30,3,1,0,0,0,0,0,0,0,0,0,1,0,0,0,0,1,0,0,0,1,1
0,2023,15003,1,0,0,0,0,25,1,1,0,0,0,0,0,0,0,0,0,0,0,0,0,0,0,0,1,0,1,3
0,2021,78568,0,0,0,1,0,25,3,1,0,0,0,0,0,0,0,0,1,0,0,0,0,0,1,0,0,0,1,1
0,2023,15003,1,0,0,0,0,25,1,1,0,0,0,0,0,0,0,0,0,0,0,0,0,0,0,0,1,0,1,3
0,2023,594,1,0,0,0,0,30,3,1,0,0,0,0,0,0,0,0,0,1,0,0,0,0,1,0,0,0,1,1
0,2022,31256,1,0,0,0,0,25,1,1,0,0,0,0,0,0,0,0,0,0,0,1,0,0,1,0,0,0,1,1
2023,2021,49500,0,0,0,1,0,35,1,1,0,0,0,0,0,0,0,1,0,0,0,0,0,0,1,0,0,0,0,1
2023,2021,70000,1,0,0,0,0,25,3,1,0,0,0,0,0,0,0,0,0,0,0,0,0,0,1,0,0,0,1,1
2023,2021,73650,0,1,0,0,0,15,1,1,0,0,0,0,0,0,0,1,0,0,0,0,0,0,1,0,0,0,1,1
2023,2021,70384,1,0,0,0,0,25,1,1,0,0,0,0,0,0,0,0,0,0,0,0,0,0,1,0,0,0,1,1
2023,2021,43512,1,0,0,0,0,25,1,1,0,0,0,0,0,0,0,1,0,0,0,0,0,0,1,0,0,0,1,1
2023,2021,53804,1,0,0,0,0,20,3,1,0,0,0,0,0,0,0,0,0,1,0,0,0,0,1,0,0,0,1,1
2023,2021,87996,1,0,0,0,0,35,3,1,0,0,0,0,0,0,0,1,0,0,0,0,0,0,1,0,0,0,1,1
2023,2021,59285,1,0,0,0,0,25,3,1,0,0,0,0,0,0,0,1,0,0,0,0,0,0,1,0,0,0,0,1
2023,2021,42200,1,0,0,0,1,20,1,1,0,0,0,0,0,0,0,0,0,0,0,0,0,0,1,0,0,0,1,1
0,2022,31256,1,0,0,0,0,25,1,1,0,0,0,0,0,0,0,0,0,0,0,1,0,0,1,0,0,0,1,1
2023,2023,14370,1,0,0,0,0,30,3,1,0,0,0,0,0,0,0,0,0,0,1,0,0,0,1,0,0,0,0,1
0,2023,8917,1,0,0,0,0,25,3,1,0,0,0,0,0,0,0,1,0,0,0,0,0,0,0,1,0,0,1,2
0,2023,8917,1,0,0,0,0,25,3,1,0,0,0,0,0,0,0,1,0,0,0,0,0,0,0,1,0,0,1,2
2023,2023,9942,0,0,0,1,0,25,3,1,0,0,0,0,0,0,0,1,0,0,0,0,0,0,1,0,0,0,1,1
2023,2020,78839,1,0,0,0,0,25,3,1,0,0,0,0,0,0,0,0,0,0,0,0,1,0,1,0,0,0,1,1
2023,2023,9518,0,0,0,1,0,30,1,1,0,0,0,0,0,0,0,0,0,0,1,0,0,0,1,0,0,0,1,1
2023,2023,11107,0,0,0,1,0,30,1,1,0,0,0,0,0,0,0,0,0,0,1,0,0,0,1,0,0,0,1,1
2023,2017,86020,1,0,0,0,0,25,3,1,0,0,0,0,0,0,0,0,0,0,0,0,1,0,1,0,0,0,0,1
2023,2019,48834,0,0,1,0,0,65,3,1,0,0,0,0,0,0,0,0,0,0,0,0,0,0,1,0,0,0,0,1
2023,2023,5690,0,0,0,1,0,25,1,1,0,0,0,0,0,0,0,0,0,1,0,0,0,0,1,0,0,0,1,1
2023,2023,11338,1,0,0,0,0,25,3,1,0,0,0,0,0,0,0,0,0,1,0,0,0,0,1,0,0,0,1,1
2023,2023,12955,1,0,0,0,0,25,1,1,0,0,0,0,0,0,0,0,0,1,0,0,0,0,1,0,0,0,1,1
2023,2022,31256,1,0,0,0,0,25,1,1,0,0,0,0,0,0,0,0,0,0,0,1,0,0,0,0,0,0,1,0
2023,2022,4110,1,0,0,0,0,25,3,1,0,0,0,0,0,0,0,0,0,1,0,0,0,0,1,0,0,0,1,1
2023,2023,10564,1,0,0,0,0,25,1,1,0,0,0,0,0,0,0,1,0,0,0,0,0,0,1,0,0,0,1,1
2023,2023,6661,1,0,0,0,0,30,1,1,0,0,0,0,0,0,0,1,0,0,0,0,0,0,1,0,0,0,1,1
2023,2023,9942,0,0,0,1,0,25,3,1,0,0,0,0,0,0,0,1,0,0,0,0,0,0,1,0,0,0,1,1
2023,2020,78839,1,0,0,0,0,25,3,1,0,0,0,0,0,0,0,0,0,0,0,0,1,0,1,0,0,0,1,1
2023,2023,9518,0,0,0,1,0,30,1,1,0,0,0,0,0,0,0,0,0,0,1,0,0,0,1,0,0,0,1,1
2023,2023,11107,0,0,0,1,0,30,1,1,0,0,0,0,0,0,0,0,0,0,1,0,0,0,1,0,0,0,1,1
2023,2023,5690,0,0,0,1,0,25,1,1,0,0,0,0,0,0,0,0,0,1,0,0,0,0,1,0,0,0,1,1
2023,2023,11338,1,0,0,0,0,25,3,1,0,0,0,0,0,0,0,0,0,1,0,0,0,0,1,0,0,0,1,1
2023,2023,12955,1,0,0,0,0,25,1,1,0,0,0,0,0,0,0,0,0,1,0,0,0,0,1,0,0,0,1,1
2023,2022,31256,1,0,0,0,0,25,1,1,0,0,0,0,0,0,0,0,0,0,0,1,0,0,0,0,0,0,1,0
2023,2022,4110,1,0,0,0,0,25,3,1,0,0,0,0,0,0,0,0,0,1,0,0,0,0,1,0,0,0,1,1
2023,2023,10564,1,0,0,0,0,25,1,1,0,0,0,0,0,0,0,1,0,0,0,0,0,0,1,0,0,0,1,1
2023,2023,6661,1,0,0,0,0,30,1,1,0,0,0,0,0,0,0,1,0,0,0,0,0,0,1,0,0,0,1,1
0,2023,5091,0,0,0,1,0,25,1,1,0,0,0,0,0,0,0,0,0,0,0,0,0,0,0,0,0,1,0,4
0,2021,48564,1,0,0,0,0,25,2,1,0,0,0,0,0,0,0,1,0,0,0,0,0,0,1,0,0,0,1,1
0,2023,5091,0,0,0,1,0,25,1,1,0,0,0,0,0,0,0,0,0,0,0,0,0,0,0,0,0,1,0,4
0,2021,56983,0,0,0,1,0,25,1,0,0,1,0,0,0,0,0,1,0,0,0,0,0,0,1,0,0,0,1,1
0,2023,5091,0,0,0,1,0,25,1,1,0,0,0,0,0,0,0,0,0,0,0,0,0,0,0,0,0,1,0,4
0,2023,5091,0,0,0,1,0,25,1,1,0,0,0,0,0,0,0,0,0,0,0,0,0,0,0,0,0,1,0,4
0,2023,11234,0,0,0,1,0,25,3,1,0,0,0,0,0,0,0,0,0,0,1,0,0,0,1,0,0,0,1,1
0,2021,48564,1,0,0,0,0,25,2,1,0,0,0,0,0,0,0,1,0,0,0,0,0,0,1,0,0,0,1,1
0,2023,11234,0,0,0,1,0,25,3,1,0,0,0,0,0,0,0,0,0,0,1,0,0,0,1,0,0,0,1,1
0,2017,24459,0,0,1,0,0,55,3,1,0,0,0,0,0,0,0,0,0,0,0,0,0,1,1,0,0,0,1,1
0,2023,78839,0,0,0,1,0,30,1,1,0,0,0,0,0,0,0,0,0,0,1,0,0,0,1,0,0,0,1,1
0,2023,78839,0,0,0,1,0,30,1,1,0,0,0,0,0,0,0,0,0,0,1,0,0,0,1,0,0,0,1,1
0,2023,5634,0,0,0,1,0,30,1,1,0,0,0,0,0,0,0,0,0,0,1,0,0,0,1,0,0,0,1,1
0,2021,69384,1,0,0,0,0,25,3,1,0,0,0,0,0,0,0,0,0,0,0,0,0,1,1,0,0,0,1,1
0,2023,5634,0,0,0,1,0,30,1,1,0,0,0,0,0,0,0,0,0,0,1,0,0,0,1,0,0,0,1,1
2023,0,0,1,0,0,0,0,25,3,1,0,0,0,0,0,0,0,0,0,0,0,0,0,0,1,0,0,0,0,1
2023,0,0,0,0,0,1,0,25,3,1,0,0,0,0,0,0,0,1,0,0,0,0,0,0,1,0,0,0,0,1
0,2021,22784,1,0,0,0,0,25,1,0,0,1,0,0,0,0,0,0,0,0,1,0,0,0,1,0,0,0,1,1
0,2021,51448,0,0,0,1,0,25,2,1,0,0,0,0,0,0,0,1,0,0,0,0,0,0,1,0,0,0,1,1
0,2021,22784,1,0,0,0,0,25,1,0,0,1,0,0,0,0,0,0,0,0,1,0,0,0,1,0,0,0,1,1
2023,2021,14314,0,0,0,0,0,25,3,1,0,0,0,0,0,0,0,1,0,0,0,0,0,0,1,0,0,0,1,1
2023,2021,54905,1,0,0,0,0,25,3,1,0,0,0,0,0,0,0,0,0,1,0,0,0,0,1,0,0,0,1,1
2023,2021,68966,1,0,0,0,0,25,3,1,0,0,0,0,0,0,0,0,1,0,0,0,0,0,1,0,0,0,1,1
2023,2021,46766,1,0,0,0,0,25,3,1,0,0,0,0,0,0,0,1,0,0,0,0,0,0,1,0,0,0,1,1
2023,2021,50153,1,0,0,0,0,35,3,1,0,0,0,0,0,0,0,0,0,0,1,0,0,0,1,0,0,0,1,1
2023,2021,0,1,0,0,0,0,0,3,1,0,0,0,0,0,0,0,0,0,0,0,0,0,0,1,0,0,0,1,1
2023,2021,70925,0,0,0,1,0,25,1,1,0,0,0,0,0,0,0,1,0,0,0,0,0,0,1,0,0,0,1,1
2023,2021,97990,1,0,0,0,0,25,2,1,0,0,0,0,0,0,0,0,0,0,0,0,0,0,1,0,0,0,1,1
2023,2021,50308,0,0,0,1,0,25,2,1,0,0,0,0,0,0,0,0,0,0,1,0,0,0,1,0,0,0,1,1
2023,2021,63250,1,0,0,0,0,25,3,1,0,0,0,0,0,0,0,0,0,0,0,0,0,1,1,0,0,0,1,1
2023,2021,47248,1,0,0,0,0,25,1,1,0,0,0,0,0,0,0,0,0,0,1,0,0,0,0,1,0,0,1,2
2023,2021,69522,1,0,0,0,0,25,3,1,0,0,0,0,0,0,0,1,0,0,0,0,0,0,1,0,0,0,1,1
2023,2023,1588,0,0,0,1,0,25,1,0,0,1,0,0,0,0,0,0,0,0,1,0,0,0,1,0,0,0,1,1
2023,2023,7593,1,0,0,0,0,25,3,0,0,1,0,0,0,0,0,0,0,1,0,0,0,0,1,0,0,0,1,1
2023,2022,17832,1,0,0,0,0,25,3,1,0,0,0,0,0,0,0,0,0,0,0,0,0,1,1,0,0,0,1,1
2023,2023,7379,0,0,0,1,0,25,1,1,0,0,0,0,0,0,0,0,0,1,0,0,0,0,1,0,0,0,1,1
2023,2023,12454,1,0,0,0,0,25,3,1,0,0,0,0,0,0,0,0,0,0,0,0,0,1,1,0,0,0,1,1
2023,2023,6826,0,0,0,1,0,25,3,1,0,0,0,0,0,0,0,1,0,0,0,0,0,0,1,0,0,0,1,1
2023,2023,6045,0,0,0,1,0,25,0,1,0,0,0,0,0,0,0,0,0,0,0,0,0,1,1,0,0,0,1,1
2023,2023,10356,0,0,0,1,0,25,3,1,0,0,0,0,0,0,0,0,0,1,0,0,0,0,1,0,0,0,1,1
2023,2023,5564,0,0,0,1,0,25,1,1,0,0,0,0,0,0,0,0,0,0,1,0,0,0,1,0,0,0,1,1
2023,2023,642,1,0,0,0,0,25,1,0,0,1,0,0,0,0,0,0,0,1,0,0,0,0,1,0,0,0,1,1
2023,2023,6470,1,0,0,0,0,25,1,1,0,0,0,0,0,0,0,0,0,0,1,0,0,0,1,0,0,0,1,1
2023,2023,8917,1,0,0,0,0,25,3,1,0,0,0,0,0,0,0,1,0,0,0,0,0,0,0,1,0,0,1,2
2023,2023,5904,0,0,0,1,0,25,3,1,0,0,0,0,0,0,0,1,0,0,0,0,0,0,1,0,0,0,1,1
0,2023,1975,0,0,0,1,0,25,3,1,0,0,0,0,0,0,0,1,0,0,0,0,0,0,0,1,0,0,1,2
0,2023,8236,0,0,0,1,0,25,3,1,0,0,0,0,0,0,0,0,0,0,0,0,0,1,1,0,0,0,1,1
2023,2023,6133,0,0,0,1,0,25,1,1,0,0,0,0,0,0,0,1,0,0,0,0,0,0,1,0,0,0,1,1
2023,2023,1975,0,0,0,1,0,25,3,1,0,0,0,0,0,0,0,1,0,0,0,0,0,0,0,1,0,0,1,2
2023,2021,47363,0,0,1,0,0,0,3,1,0,1,0,0,0,0,0,0,0,0,0,0,1,0,0,1,0,0,0,2
2023,2023,8236,0,0,0,1,0,25,3,1,0,0,0,0,0,0,0,0,0,0,0,0,0,1,1,0,0,0,1,1
0,2023,11074,0,0,0,1,0,25,1,1,0,0,0,0,0,0,0,0,0,0,1,0,0,0,1,0,0,0,1,1
0,2023,3240,0,0,0,1,0,25,1,0,0,1,0,0,0,0,0,1,0,0,0,0,0,0,1,0,0,0,1,1
0,2023,391,0,0,0,1,0,25,1,1,0,0,0,0,0,0,0,1,0,0,0,0,0,0,0,0,1,0,1,3
0,2023,2798,0,0,0,1,0,20,1,1,0,0,0,0,0,0,0,0,0,0,0,0,0,0,0,0,0,1,1,4
0,2022,10541,0,0,0,1,0,25,1,1,0,0,0,0,0,0,0,0,0,0,0,0,0,0,0,0,1,0,0,3
0,2023,6913,1,0,0,0,0,30,1,1,0,0,0,0,0,0,0,1,0,0,0,0,0,0,1,0,0,0,1,1
2023,2023,1588,0,0,0,1,0,25,1,0,0,1,0,0,0,0,0,0,0,0,1,0,0,0,1,0,0,0,1,1
2023,2022,17832,1,0,0,0,0,25,3,1,0,0,0,0,0,0,0,0,0,0,0,0,0,1,1,0,0,0,1,1
2023,2023,7379,0,0,0,1,0,25,1,1,0,0,0,0,0,0,0,0,0,1,0,0,0,0,1,0,0,0,1,1
2023,2023,6826,0,0,0,1,0,25,3,1,0,0,0,0,0,0,0,1,0,0,0,0,0,0,1,0,0,0,1,1
2023,2023,12454,1,0,0,0,0,25,3,1,0,0,0,0,0,0,0,0,0,0,0,0,0,1,1,0,0,0,1,1
2023,2023,7593,1,0,0,0,0,25,3,0,0,1,0,0,0,0,0,0,0,1,0,0,0,0,1,0,0,0,1,1
2023,2023,10356,0,0,0,1,0,25,3,1,0,0,0,0,0,0,0,0,0,1,0,0,0,0,1,0,0,0,1,1
2023,2023,642,1,0,0,0,0,25,1,0,0,1,0,0,0,0,0,0,0,1,0,0,0,0,1,0,0,0,1,1
2023,2023,6045,0,0,0,1,0,25,0,1,0,0,0,0,0,0,0,0,0,0,0,0,0,1,1,0,0,0,1,1
2023,2023,6470,1,0,0,0,0,25,1,1,0,0,0,0,0,0,0,0,0,0,1,0,0,0,1,0,0,0,1,1
2023,2023,5564,0,0,0,1,0,25,1,1,0,0,0,0,0,0,0,0,0,0,1,0,0,0,1,0,0,0,1,1
2023,2023,8236,0,0,0,1,0,25,3,1,0,0,0,0,0,0,0,0,0,0,0,0,0,1,1,0,0,0,1,1
2023,2023,1975,0,0,0,1,0,25,3,1,0,0,0,0,0,0,0,1,0,0,0,0,0,0,0,1,0,0,1,2
2023,2023,5904,0,0,0,1,0,25,3,1,0,0,0,0,0,0,0,1,0,0,0,0,0,0,1,0,0,0,1,1
2023,2023,6133,0,0,0,1,0,25,1,1,0,0,0,0,0,0,0,1,0,0,0,0,0,0,1,0,0,0,1,1
2023,2023,8917,1,0,0,0,0,25,3,1,0,0,0,0,0,0,0,1,0,0,0,0,0,0,0,1,0,0,1,2
0,2023,11074,0,0,0,1,0,25,1,1,0,0,0,0,0,0,0,0,0,0,1,0,0,0,1,0,0,0,1,1
0,2023,3240,0,0,0,1,0,25,1,0,0,1,0,0,0,0,0,1,0,0,0,0,0,0,1,0,0,0,1,1
0,2023,391,0,0,0,1,0,25,1,1,0,0,0,0,0,0,0,1,0,0,0,0,0,0,0,0,1,0,1,3
0,2023,2798,0,0,0,1,0,20,1,1,0,0,0,0,0,0,0,0,0,0,0,0,0,0,0,0,0,1,1,4
2023,2021,1588,1,0,0,0,0,15,3,1,0,0,0,0,0,0,0,1,0,0,0,0,0,0,1,0,0,0,0,1
0,2023,6913,1,0,0,0,0,30,1,1,0,0,0,0,0,0,0,1,0,0,0,0,0,0,1,0,0,0,1,1
0,2022,10541,0,0,0,1,0,25,1,1,0,0,0,0,0,0,0,0,0,0,0,0,0,0,0,0,1,0,0,3
0,2023,6270,1,0,0,0,0,25,1,1,0,0,0,0,0,0,0,1,0,0,0,0,0,0,1,0,0,0,1,1
0,2021,62818,0,0,0,1,0,35,1,1,0,0,0,0,0,0,0,1,0,0,0,0,0,0,1,0,0,0,0,1
0,2023,6270,1,0,0,0,0,25,1,1,0,0,0,0,0,0,0,1,0,0,0,0,0,0,1,0,0,0,1,1
0,2023,8990,0,0,0,1,0,25,1,1,0,0,0,0,0,0,0,0,0,0,1,0,0,0,1,0,0,0,1,1
0,2023,7369,0,0,0,1,0,25,1,1,0,0,0,0,0,0,0,0,0,1,0,0,0,0,1,0,0,0,1,1
0,2024,291,1,0,0,0,0,25,1,1,0,0,0,0,0,0,0,0,0,0,0,0,0,0,1,0,0,0,1,1
0,2023,8990,0,0,0,1,0,25,1,1,0,0,0,0,0,0,0,0,0,0,1,0,0,0,1,0,0,0,1,1
0,2023,7369,0,0,0,1,0,25,1,1,0,0,0,0,0,0,0,0,0,1,0,0,0,0,1,0,0,0,1,1
0,2024,291,1,0,0,0,0,25,1,1,0,0,0,0,0,0,0,0,0,0,0,0,0,0,1,0,0,0,1,1
0,2021,59750,0,0,0,1,0,35,1,1,0,0,0,0,0,0,0,1,0,0,0,0,0,0,0,0,0,0,1,0
0,2022,10541,0,0,0,1,0,25,1,1,0,0,0,0,0,0,0,0,0,0,0,0,0,0,0,0,1,0,0,3
0,2022,10541,0,0,0,1,0,25,1,1,0,0,0,0,0,0,0,0,0,0,0,0,0,0,0,0,1,0,0,3
0,2023,106677,0,0,0,1,0,20,3,1,0,0,0,0,0,0,0,0,1,0,0,0,0,0,0,1,0,0,0,2
0,2023,2798,0,0,0,1,0,20,1,1,0,0,0,0,0,0,0,0,0,0,0,0,0,0,0,0,0,1,1,4
0,2023,106677,0,0,0,1,0,20,3,1,0,0,0,0,0,0,0,0,1,0,0,0,0,0,0,1,0,0,0,2
0,2023,2798,0,0,0,1,0,20,1,1,0,0,0,0,0,0,0,0,0,0,0,0,0,0,0,0,0,1,1,4
0,0,0,1,0,0,0,0,25,3,1,0,0,0,0,0,0,0,0,0,0,0,0,0,0,1,0,0,0,1,1
0,0,0,1,0,0,0,0,25,3,1,0,0,0,0,0,0,0,0,0,0,0,0,0,0,1,0,0,0,1,1
0,2023,3240,0,0,0,1,0,25,1,0,0,1,0,0,0,0,0,1,0,0,0,0,0,0,1,0,0,0,1,1
0,2023,391,0,0,0,1,0,25,1,1,0,0,0,0,0,0,0,1,0,0,0,0,0,0,0,0,1,0,1,3
0,2023,408,0,0,0,1,0,25,1,1,0,0,0,0,0,0,0,0,0,0,0,0,1,0,1,0,0,0,1,1
0,2023,3240,0,0,0,1,0,25,1,0,0,1,0,0,0,0,0,1,0,0,0,0,0,0,1,0,0,0,1,1
0,2023,391,0,0,0,1,0,25,1,1,0,0,0,0,0,0,0,1,0,0,0,0,0,0,0,0,1,0,1,3
0,2023,408,0,0,0,1,0,25,1,1,0,0,0,0,0,0,0,0,0,0,0,0,1,0,1,0,0,0,1,1
2023,2017,75322,0,0,1,0,0,65,3,1,0,0,0,0,0,0,0,0,0,0,0,0,0,0,1,0,0,0,1,1
0,2021,66652,0,0,0,1,0,35,3,1,0,0,0,0,0,0,0,0,0,0,0,0,0,1,1,0,0,0,1,1
0,2023,9901,1,0,0,0,0,25,3,0,0,1,0,0,0,0,0,0,0,0,0,0,0,1,1,0,0,0,1,1
0,2023,106677,0,0,0,1,0,20,3,1,0,0,0,0,0,0,0,0,1,0,0,0,0,0,0,1,0,0,0,2
0,2023,2798,0,0,0,1,0,20,1,1,0,0,0,0,0,0,0,0,0,0,0,0,0,0,0,0,0,1,1,4
0,2021,59750,0,0,0,1,0,35,1,1,0,0,0,0,0,0,0,1,0,0,0,0,0,0,0,0,0,0,1,0
0,2023,106677,0,0,0,1,0,20,3,1,0,0,0,0,0,0,0,0,1,0,0,0,0,0,0,1,0,0,0,2
0,2023,2798,0,0,0,1,0,20,1,1,0,0,0,0,0,0,0,0,0,0,0,0,0,0,0,0,0,1,1,4
0,2023,9901,1,0,0,0,0,25,3,0,0,1,0,0,0,0,0,0,0,0,0,0,0,1,1,0,0,0,1,1
2023,2021,43816,1,0,0,0,0,25,3,0,0,1,0,0,0,0,0,1,0,0,0,0,0,0,1,0,0,0,1,1
2023,2021,86515,0,0,0,1,0,25,3,1,0,0,0,0,0,0,0,0,0,0,1,0,0,0,1,0,0,0,1,1
2023,2021,58446,1,0,0,0,0,30,3,1,0,0,0,0,0,0,0,0,1,0,0,0,0,0,1,0,0,0,1,1
2023,2021,58446,1,0,0,0,0,30,3,1,0,0,0,0,0,0,0,0,1,0,0,0,0,0,1,0,0,0,1,1
2023,2021,39263,1,0,0,0,0,25,3,1,0,0,0,0,0,0,0,0,0,0,1,0,0,0,1,0,0,0,1,1
2023,2021,42337,0,0,0,1,0,20,3,1,0,0,0,0,0,0,0,1,0,0,0,0,0,0,1,0,0,0,1,1
2023,2021,75443,1,0,0,0,0,25,3,0,0,1,0,0,0,0,0,1,0,0,0,0,0,0,1,0,0,0,1,1
2023,2021,86515,0,0,0,1,0,25,3,1,0,0,0,0,0,0,0,0,0,0,1,0,0,0,1,0,0,0,1,1
2023,2021,43816,1,0,0,0,0,25,3,0,0,1,0,0,0,0,0,1,0,0,0,0,0,0,1,0,0,0,1,1
2023,2022,68773,0,0,1,0,0,70,3,1,0,0,0,0,0,0,0,0,0,0,0,0,0,0,1,0,0,0,1,1
2023,2023,9548,1,0,0,0,0,0,3,1,0,0,0,0,0,0,0,0,0,0,0,0,0,1,1,0,0,0,0,1
2023,2023,13720,0,0,0,1,0,25,1,1,0,0,0,0,0,0,0,1,0,0,0,0,0,0,1,0,0,0,1,1
2023,2023,5725,0,0,0,1,0,25,1,1,0,0,0,0,0,0,0,0,0,0,0,0,0,1,1,0,0,0,1,1
2023,2023,5454,0,0,0,1,0,25,3,1,0,0,0,0,0,0,0,1,0,0,0,0,0,0,1,0,0,0,1,1
2023,2023,2753,1,0,0,0,0,25,3,1,0,0,0,0,0,0,0,0,0,0,0,0,0,0,1,0,0,0,1,1
2023,2023,9249,1,0,0,0,0,25,1,1,0,0,0,0,0,0,0,1,0,0,0,0,0,0,1,0,0,0,1,1
2023,2023,4336,1,0,0,0,0,25,1,1,0,0,0,0,0,0,0,0,0,0,1,0,0,0,1,0,0,0,1,1
2023,2023,2046,1,0,0,0,0,25,0,1,0,0,0,0,0,0,0,0,0,1,0,0,0,0,1,0,0,0,1,1
2023,2023,3526,1,0,0,0,0,25,1,1,0,0,0,0,0,0,0,1,0,0,0,0,0,0,1,0,0,0,1,1
0,2023,3397,0,0,0,1,0,25,3,1,0,0,0,0,0,0,0,0,0,1,0,0,0,0,1,0,0,0,1,1
0,2023,6636,1,0,0,0,0,25,3,1,0,0,0,0,0,0,0,0,0,1,0,0,0,0,1,0,0,0,1,1
0,2023,6636,1,0,0,0,0,25,3,1,0,0,0,0,0,0,0,0,0,1,0,0,0,0,1,0,0,0,1,1
0,2023,3397,0,0,0,1,0,25,3,1,0,0,0,0,0,0,0,0,0,1,0,0,0,0,1,0,0,0,1,1
2023,2023,13720,0,0,0,1,0,25,1,1,0,0,0,0,0,0,0,1,0,0,0,0,0,0,1,0,0,0,1,1
2023,2023,5725,0,0,0,1,0,25,1,1,0,0,0,0,0,0,0,0,0,0,0,0,0,1,1,0,0,0,1,1
2023,2023,5454,0,0,0,1,0,25,3,1,0,0,0,0,0,0,0,1,0,0,0,0,0,0,1,0,0,0,1,1
2023,2023,2753,1,0,0,0,0,25,3,1,0,0,0,0,0,0,0,0,0,0,0,0,0,0,1,0,0,0,1,1
2023,2023,9249,1,0,0,0,0,25,1,1,0,0,0,0,0,0,0,1,0,0,0,0,0,0,1,0,0,0,1,1
2023,2023,4336,1,0,0,0,0,25,1,1,0,0,0,0,0,0,0,0,0,0,1,0,0,0,1,0,0,0,1,1
2023,2023,2046,1,0,0,0,0,25,0,1,0,0,0,0,0,0,0,0,0,1,0,0,0,0,1,0,0,0,1,1
2023,2023,3526,1,0,0,0,0,25,1,1,0,0,0,0,0,0,0,1,0,0,0,0,0,0,1,0,0,0,1,1
0,2023,8883,1,0,0,0,0,25,3,0,0,1,0,0,0,0,0,0,0,0,1,0,0,0,1,0,0,0,1,1
2023,2021,18444,1,0,0,0,0,30,3,1,0,0,0,0,0,0,0,0,0,0,0,0,0,1,1,0,0,0,0,1
0,2023,8883,1,0,0,0,0,25,3,0,0,1,0,0,0,0,0,0,0,0,1,0,0,0,1,0,0,0,1,1
0,2022,12525,0,0,0,1,0,25,1,1,0,0,0,0,0,0,0,0,0,0,0,0,0,1,1,0,0,0,1,1
0,2023,9014,0,0,0,1,0,25,3,1,0,0,0,0,0,0,0,1,0,0,0,0,0,0,0,0,0,0,1,0
0,2022,12525,0,0,0,1,0,25,1,1,0,0,0,0,0,0,0,0,0,0,0,0,0,1,1,0,0,0,1,1
0,2023,9014,0,0,0,1,0,25,3,1,0,0,0,0,0,0,0,1,0,0,0,0,0,0,0,0,0,0,1,0
0,2021,35785,1,0,0,0,0,40,3,1,0,0,0,0,0,0,0,1,0,0,0,0,0,0,0,1,0,0,1,2
0,2023,4707,0,0,0,1,0,25,3,1,0,0,0,0,0,0,0,0,0,0,1,0,0,0,1,0,0,0,1,1
0,2023,9111,0,0,0,1,0,25,1,1,0,0,0,0,0,0,0,0,0,0,1,0,0,0,1,0,0,0,1,1
0,2021,55858,0,0,0,1,0,25,3,1,0,0,0,0,0,0,0,0,0,0,0,0,0,1,1,0,0,0,1,1
0,2021,55858,0,0,0,1,0,25,3,1,0,0,0,0,0,0,0,0,0,0,0,0,0,1,1,0,0,0,1,1
0,2023,4707,0,0,0,1,0,25,3,1,0,0,0,0,0,0,0,0,0,0,1,0,0,0,1,0,0,0,1,1
0,2023,9111,0,0,0,1,0,25,1,1,0,0,0,0,0,0,0,0,0,0,1,0,0,0,1,0,0,0,1,1
0,2022,34706,1,0,0,0,0,40,1,1,0,0,0,0,0,0,0,1,0,0,0,0,0,0,0,1,0,0,1,2
0,2022,14337,0,0,0,1,0,25,1,1,0,0,0,0,0,0,0,1,0,0,0,0,0,0,1,0,0,0,1,1
0,2022,34706,1,0,0,0,0,40,1,1,0,0,0,0,0,0,0,1,0,0,0,0,0,0,0,1,0,0,1,2
0,2022,14337,0,0,0,1,0,25,1,1,0,0,0,0,0,0,0,1,0,0,0,0,0,0,1,0,0,0,1,1
0,2023,7078,0,0,0,1,0,25,2,1,0,0,0,0,0,0,0,0,0,0,1,0,0,0,1,0,0,0,1,1
0,2023,9014,0,0,0,1,0,25,3,1,0,0,0,0,0,0,0,1,0,0,0,0,0,0,0,0,0,0,1,0
0,2023,9014,0,0,0,1,0,25,3,1,0,0,0,0,0,0,0,1,0,0,0,0,0,0,0,0,0,0,1,0
0,2023,7078,0,0,0,1,0,25,2,1,0,0,0,0,0,0,0,0,0,0,1,0,0,0,1,0,0,0,1,1
0,2023,4768,0,0,0,1,0,25,1,1,0,0,0,0,0,0,0,0,0,0,1,0,0,0,0,1,0,0,1,2
0,2023,4768,0,0,0,1,0,25,1,1,0,0,0,0,0,0,0,0,0,0,1,0,0,0,0,1,0,0,1,2
0,2021,39618,0,0,0,1,0,35,3,1,0,0,0,0,0,0,0,0,1,0,0,0,0,0,1,0,0,0,1,1
0,2021,39618,0,0,0,1,0,35,3,1,0,0,0,0,0,0,0,0,1,0,0,0,0,0,1,0,0,0,1,1
2023,2021,68928,0,0,1,0,0,65,0,1,0,0,0,0,0,0,0,0,0,0,0,0,0,0,1,0,0,0,1,1
2023,2021,68928,0,0,1,0,0,65,0,1,0,0,0,0,0,0,0,0,0,0,0,0,0,0,1,0,0,0,1,1
2023,2021,57031,0,0,0,1,0,25,3,0,0,1,0,0,0,0,0,0,0,0,0,0,0,1,1,0,0,0,1,1
2023,2021,49938,1,0,0,0,0,25,1,1,0,0,0,0,0,0,0,0,0,0,0,0,0,1,1,0,0,0,1,1
2023,2021,47329,0,0,0,1,0,30,3,1,0,0,0,0,0,0,0,1,0,0,0,0,0,0,1,0,0,0,1,1
2023,2021,43926,1,0,0,0,0,25,3,0,0,1,0,0,0,0,0,1,0,0,0,0,0,0,1,0,0,0,1,1
2023,2021,38714,0,1,0,0,0,15,3,0,0,1,0,0,0,0,0,0,0,0,0,0,1,0,1,0,0,0,1,1
2023,2023,5697,1,0,0,0,0,25,2,1,0,0,0,0,0,0,0,0,0,1,0,0,0,0,1,0,0,0,1,1
2023,2023,4103,1,0,0,0,0,25,1,1,0,0,0,0,0,0,0,1,0,0,0,0,0,0,1,0,0,0,1,1
2023,2023,3413,1,0,0,0,0,25,1,1,0,0,0,0,0,0,0,1,0,0,0,0,0,0,1,0,0,0,1,1
2023,2023,10055,1,0,0,0,0,25,1,1,0,0,0,0,0,0,0,0,0,0,0,0,0,0,1,0,0,0,1,1
2023,2022,9700,1,0,0,0,0,25,1,1,0,0,0,0,0,0,0,0,0,0,1,0,0,0,1,0,0,0,1,1
2023,2022,8336,1,0,0,0,0,25,3,0,0,1,0,0,0,0,0,0,0,0,0,0,0,0,0,0,0,0,1,0
0,2021,5581,0,0,0,1,0,15,1,1,0,0,0,0,0,0,0,1,0,0,0,0,0,0,0,1,0,0,1,2
0,2021,47784,0,0,0,1,0,25,3,1,0,0,0,0,0,0,0,1,0,0,0,0,0,0,1,0,0,0,1,1
2023,2021,5581,0,0,0,1,0,15,1,1,0,0,0,0,0,0,0,1,0,0,0,0,0,0,0,1,0,0,1,2
2023,2023,5697,1,0,0,0,0,25,2,1,0,0,0,0,0,0,0,0,0,1,0,0,0,0,1,0,0,0,1,1
2023,2023,4103,1,0,0,0,0,25,1,1,0,0,0,0,0,0,0,1,0,0,0,0,0,0,1,0,0,0,1,1
2023,2023,3413,1,0,0,0,0,25,1,1,0,0,0,0,0,0,0,1,0,0,0,0,0,0,1,0,0,0,1,1
2022,2023,10055,1,0,0,0,0,25,1,1,0,0,0,0,0,0,0,0,0,0,0,0,0,0,1,0,0,0,1,1
2023,2022,9700,1,0,0,0,0,25,1,1,0,0,0,0,0,0,0,0,0,0,1,0,0,0,1,0,0,0,1,1
2023,2022,8336,1,0,0,0,0,25,3,0,0,1,0,0,0,0,0,0,0,0,0,0,0,0,1,0,0,0,1,1
2023,2020,5581,0,0,0,1,0,15,1,1,0,0,0,0,0,0,0,1,0,0,0,0,0,0,0,1,0,0,1,2
0,2023,2166,1,0,0,0,0,25,1,1,0,0,0,0,0,0,0,0,0,0,0,0,0,1,1,0,0,0,1,1
0,2023,2166,1,0,0,0,0,25,1,1,0,0,0,0,0,0,0,0,0,0,0,0,0,1,1,0,0,0,1,1
0,2021,39618,0,0,0,1,0,35,3,1,0,0,0,0,0,0,0,0,1,0,0,0,0,0,1,0,0,0,1,1
0,2021,39618,0,0,0,1,0,35,3,1,0,0,0,0,0,0,0,0,1,0,0,0,0,0,1,0,0,0,1,1
0,2023,3183,0,0,1,0,0,45,3,0,0,1,0,0,0,0,1,0,0,0,0,0,0,1,0,0,0,0,1,0
0,2021,49116,0,0,0,1,0,30,1,1,0,0,0,0,0,0,0,0,0,0,0,0,0,1,0,1,0,0,1,2
0,2021,49116,0,0,0,1,0,30,1,1,0,0,0,0,0,0,0,0,0,0,0,0,0,1,0,1,0,0,1,2
0,2021,49116,0,0,0,1,0,30,1,1,0,0,0,0,0,0,0,0,0,0,0,0,0,1,0,1,0,0,1,2
0,2021,87101,1,0,0,0,0,35,1,1,0,0,0,0,0,0,0,0,0,0,0,0,0,0,1,0,0,0,1,1
0,2021,87101,1,0,0,0,0,35,1,1,0,0,0,0,0,0,0,0,0,0,0,0,0,0,1,0,0,0,1,1
0,2023,2775,1,0,0,0,0,25,1,1,0,0,0,0,0,0,0,0,0,0,0,0,0,0,1,0,0,0,1,1
0,2023,2775,1,0,0,0,0,25,1,1,0,0,0,0,0,0,0,0,0,0,0,0,0,0,1,0,0,0,1,1
0,2023,3183,0,0,1,0,0,45,3,0,0,1,0,0,0,0,1,0,0,0,0,0,0,1,0,0,0,0,1,0
0,2022,11343,0,0,0,1,0,25,1,0,0,1,0,0,0,0,0,0,0,0,0,0,1,0,0,0,0,0,1,0
0,2022,11343,0,0,0,1,0,25,1,0,0,1,0,0,0,0,0,0,0,0,0,0,1,0,0,0,0,0,1,0
2023,2021,44157,1,0,0,0,0,25,3,0,0,1,0,0,0,0,0,0,0,0,0,1,0,0,1,0,0,0,1,1
2023,2021,69071,0,0,0,1,0,40,1,1,0,0,0,0,0,0,0,1,0,0,0,0,0,0,1,0,0,0,1,1
2023,2021,61480,0,0,1,0,0,65,1,1,0,0,0,0,0,0,0,0,0,0,0,0,0,0,1,0,0,0,1,1
0,2023,3183,0,0,1,0,0,45,3,0,0,1,0,0,0,0,1,0,0,0,0,0,0,1,0,0,0,0,1,0
2023,2021,44157,1,0,0,0,0,25,3,0,0,1,0,0,0,0,0,0,0,0,0,1,0,0,1,0,0,0,1,1
2023,2021,55792,1,0,0,0,0,25,3,1,0,0,0,0,0,0,0,0,0,1,0,0,0,0,1,0,0,0,1,1
2023,2021,69071,0,0,0,1,0,40,1,1,0,0,0,0,0,0,0,1,0,0,0,0,0,0,1,0,0,0,1,1
2023,2021,52978,1,0,0,0,0,20,1,0,0,1,0,0,0,0,0,1,0,0,0,0,0,0,1,0,0,0,1,1
2023,2021,61480,0,0,1,0,0,65,1,1,0,0,0,0,0,0,0,0,0,0,0,0,0,0,1,0,0,0,1,1
2023,2021,34261,1,0,0,0,0,35,3,1,0,0,0,0,0,0,0,1,0,0,0,0,0,0,1,0,0,0,1,1
2023,2019,146898,1,0,0,0,0,45,3,1,0,0,0,0,0,0,0,0,0,1,0,0,0,0,0,0,1,0,0,3
2023,2023,8032,1,0,0,0,0,25,1,1,0,0,0,0,0,0,0,0,0,0,1,0,0,0,1,0,0,0,1,1
2023,2022,12624,1,0,0,0,0,25,1,1,0,0,0,0,0,0,0,1,0,0,0,0,0,0,1,0,0,0,1,1
2023,2023,6367,1,0,0,0,0,25,1,1,0,0,0,0,0,0,0,1,0,0,0,0,0,0,1,0,0,0,1,1
2023,2023,1459,1,0,0,0,0,25,1,1,0,0,0,0,0,0,0,1,0,0,0,0,0,0,1,0,0,0,1,1
2023,2023,160,1,0,0,0,0,25,1,1,0,0,0,0,0,0,0,1,0,0,0,0,0,0,1,0,0,0,1,1
2023,2023,8032,1,0,0,0,0,25,1,1,0,0,0,0,0,0,0,0,0,0,1,0,0,0,1,0,0,0,1,1
2023,2022,12624,1,0,0,0,0,25,1,1,0,0,0,0,0,0,0,1,0,0,0,0,0,0,1,0,0,0,1,1
2023,2023,6367,1,0,0,0,0,25,1,1,0,0,0,0,0,0,0,1,0,0,0,0,0,0,1,0,0,0,1,1
2023,2023,1459,1,0,0,0,0,25,1,1,0,0,0,0,0,0,0,1,0,0,0,0,0,0,1,0,0,0,1,1
2023,2023,160,1,0,0,0,0,25,1,1,0,0,0,0,0,0,0,1,0,0,0,0,0,0,1,0,0,0,1,1
2023,2021,22303,1,0,0,0,0,35,3,1,0,0,0,0,0,0,0,1,0,0,0,0,0,0,1,0,0,0,0,1
0,2016,112547,1,0,0,0,0,30,3,1,0,0,0,0,0,0,0,1,0,0,0,0,0,0,1,0,0,0,1,1
2023,2017,60250,1,0,0,0,0,25,3,1,0,0,0,0,0,0,0,0,0,0,1,0,0,0,0,1,0,0,1,2
2023,2016,120162,1,0,0,0,0,45,3,1,0,0,0,0,0,0,0,1,0,0,0,0,0,0,0,1,0,0,1,2
0,2021,85743,0,0,1,0,0,65,3,1,0,0,0,0,0,0,0,1,0,0,0,0,0,0,0,0,1,0,1,3
0,2023,3183,0,0,1,0,0,45,3,0,0,1,0,0,0,0,1,0,0,0,0,0,0,1,0,0,0,0,1,0
0,2022,11343,0,0,0,1,0,25,1,0,0,1,0,0,0,0,0,0,0,0,0,0,1,0,0,0,0,0,1,0
0,2022,11343,0,0,0,1,0,25,1,0,0,1,0,0,0,0,0,0,0,0,0,0,1,0,0,0,0,0,1,0
0,2020,52008,0,0,0,1,0,45,1,1,0,0,0,0,0,0,0,0,0,1,0,0,0,0,1,0,0,0,1,1
0,2021,85743,0,0,1,0,0,65,3,1,0,0,0,0,0,0,0,1,0,0,0,0,0,0,0,0,0,0,1,0
0,2020,52008,0,0,0,1,0,45,1,1,0,0,0,0,0,0,0,0,0,1,0,0,0,0,1,0,0,0,1,1
0,2021,85743,0,0,1,0,0,65,3,1,0,0,0,0,0,0,0,1,0,0,0,0,0,0,0,0,0,0,1,0
0,2022,3738,1,0,0,0,0,25,1,1,0,0,0,0,0,0,0,1,0,0,0,0,0,0,0,1,0,0,1,2
0,2021,13761,0,0,0,1,0,30,3,1,0,0,0,0,0,0,0,0,0,0,0,0,0,0,1,0,0,0,0,1
0,2022,3738,1,0,0,0,0,25,1,1,0,0,0,0,0,0,0,1,0,0,0,0,0,0,0,1,0,0,1,2
0,2021,78122,0,1,0,0,0,15,3,1,0,0,0,0,0,0,0,0,0,0,0,0,0,0,1,0,0,0,1,1
0,2021,43564,0,1,0,0,0,15,3,1,0,0,0,0,0,0,0,0,0,0,0,0,0,0,1,0,0,0,1,1
0,2021,44839,1,0,0,0,0,25,3,1,0,0,0,0,0,0,0,0,1,0,0,0,0,0,1,0,0,0,1,1
2023,2021,32348,0,0,0,1,0,15,1,1,0,0,0,0,0,0,0,0,0,0,1,0,0,0,1,0,0,0,1,1
2023,2021,45560,0,0,0,1,0,30,3,1,0,0,0,0,0,0,0,0,0,0,1,0,0,0,1,0,0,0,1,1
0,2021,36194,1,0,0,0,0,25,3,0,0,1,0,0,0,0,0,0,0,0,1,0,0,0,1,0,0,0,1,1
2023,2020,55445,1,0,0,0,0,45,3,1,0,0,0,0,0,0,0,0,0,0,0,0,0,0,1,0,0,0,1,1
2023,2023,8009,1,0,0,0,0,20,3,1,0,0,0,0,0,0,0,0,1,0,0,0,0,0,1,0,0,0,0,1
0,2021,36194,1,0,0,0,0,25,3,0,0,1,0,0,0,0,0,0,0,0,1,0,0,0,1,0,0,0,1,1
2023,2021,40453,0,0,0,1,0,25,3,1,0,0,0,0,0,0,0,0,0,0,1,0,0,0,1,0,0,0,1,1
2023,2021,42716,1,0,0,0,0,25,3,1,0,0,0,0,0,0,0,0,0,0,1,0,0,0,1,0,0,0,1,1
2023,2021,48606,0,0,0,1,0,35,3,1,0,0,0,0,0,0,0,0,0,0,0,0,1,0,1,0,0,0,1,1
2023,2017,24311,0,0,0,1,0,45,3,1,0,0,0,0,0,0,0,1,0,0,0,0,0,0,1,0,0,0,1,1
2023,2021,45560,0,0,0,1,0,30,3,1,0,0,0,0,0,0,0,0,0,0,1,0,0,0,1,0,0,0,1,1
2023,2021,32348,0,0,0,1,0,15,1,1,0,0,0,0,0,0,0,0,0,0,1,0,0,0,1,0,0,0,1,1
0,2023,0,0,0,1,0,0,65,3,1,0,0,0,0,0,0,0,0,0,0,1,0,0,0,1,0,0,0,1,1
2023,2022,9482,0,0,0,1,0,25,1,1,0,0,0,0,0,0,0,1,0,0,0,0,0,0,1,0,0,0,1,1
2023,2023,2293,1,0,0,0,0,25,1,1,0,0,0,0,0,0,0,1,0,0,0,0,0,0,1,0,0,0,1,1
2023,2023,965,0,0,0,1,0,25,1,1,0,0,0,0,0,0,0,0,0,0,0,0,0,0,1,0,0,0,1,1
2023,2023,2109,1,0,0,0,0,25,1,1,0,0,0,0,0,0,0,0,0,0,1,0,0,0,1,0,0,0,1,1
2023,2020,55445,1,0,0,0,0,45,3,1,0,0,0,0,0,0,0,0,0,0,0,0,0,0,1,0,0,0,1,1
2023,2022,9482,0,0,0,1,0,25,1,1,0,0,0,0,0,0,0,1,0,0,0,0,0,0,1,0,0,0,1,1
2023,2023,2293,1,0,0,0,0,25,1,1,0,0,0,0,0,0,0,1,0,0,0,0,0,0,1,0,0,0,1,1
2023,2023,965,0,0,0,1,0,25,1,1,0,0,0,0,0,0,0,0,0,0,0,0,0,0,1,0,0,0,1,1
2023,2023,2109,1,0,0,0,0,25,1,1,0,0,0,0,0,0,0,0,0,0,1,0,0,0,1,0,0,0,1,1
0,2022,19560,0,0,0,1,0,30,1,1,0,0,0,0,0,0,0,0,0,0,0,0,0,0,0,1,0,0,1,2
0,2022,19560,0,0,0,1,0,30,1,1,0,0,0,0,0,0,0,0,0,0,0,0,0,0,0,1,0,0,1,2
0,2023,7361,0,0,0,1,0,25,3,1,0,0,0,0,0,0,0,0,0,0,0,0,0,0,0,1,0,0,1,2
0,2022,19560,0,0,0,1,0,30,1,1,0,0,0,0,0,0,0,0,0,0,0,0,0,0,0,1,0,0,1,2
0,2023,7361,0,0,0,1,0,25,3,1,0,0,0,0,0,0,0,0,0,0,0,0,0,0,0,1,0,0,1,2
0,2022,19560,0,0,0,1,0,30,1,1,0,0,0,0,0,0,0,0,0,0,0,0,0,0,0,1,0,0,1,2
0,2021,44861,1,0,0,0,0,25,3,1,0,0,0,0,0,0,0,0,1,0,0,0,0,0,1,0,0,0,1,1
0,2023,7361,0,0,0,1,0,25,3,1,0,0,0,0,0,0,0,0,0,0,0,0,0,0,1,0,0,0,1,1
0,2023,7361,0,0,0,1,0,25,3,1,0,0,0,0,0,0,0,0,0,0,0,0,0,0,1,0,0,0,1,1
0,2021,36194,1,0,0,0,0,25,3,0,0,1,0,0,0,0,0,0,0,0,1,0,0,0,1,0,0,0,1,1
0,2021,36194,1,0,0,0,0,25,3,0,0,1,0,0,0,0,0,0,0,0,1,0,0,0,1,0,0,0,1,1
0,2022,19560,0,0,0,1,0,30,1,1,0,0,0,0,0,0,0,0,0,0,0,0,0,0,0,1,0,0,1,2
0,2022,19560,0,0,0,1,0,30,1,1,0,0,0,0,0,0,0,0,0,0,0,0,0,0,0,1,0,0,1,2
2023,2020,28420,1,0,0,0,0,25,3,1,0,0,0,0,0,0,0,1,0,0,0,0,0,0,1,0,0,0,0,1
0,2023,0,0,0,1,0,0,0,3,1,0,0,0,0,0,0,0,0,0,0,1,0,0,0,1,0,0,0,1,1
0,2016,91466,1,0,0,0,0,25,3,1,0,0,0,0,0,0,0,0,0,0,1,0,0,0,1,0,0,0,1,1
0,2022,4743,1,0,0,0,0,25,1,1,0,0,0,0,0,0,0,1,0,0,0,0,0,0,1,0,0,0,1,1
0,2023,4131,1,0,0,0,0,25,1,1,0,0,0,0,0,0,0,1,0,0,0,0,0,0,1,0,0,0,1,1
0,2023,4131,1,0,0,0,0,25,1,1,0,0,0,0,0,0,0,1,0,0,0,0,0,0,1,0,0,0,1,1
0,2022,4743,1,0,0,0,0,25,1,1,0,0,0,0,0,0,0,1,0,0,0,0,0,0,1,0,0,0,1,1
0,2016,41402,0,0,0,1,0,25,3,1,0,0,0,0,0,0,0,1,0,0,0,0,0,0,1,0,0,0,1,1
0,2019,66457,1,0,0,0,0,30,3,1,0,0,0,0,0,0,0,1,0,0,0,0,0,0,0,1,0,0,1,2
0,2016,89239,0,0,0,1,0,25,3,1,0,0,0,0,0,0,0,1,0,0,0,0,0,0,1,0,0,0,1,1
0,2016,76168,1,0,0,0,0,25,3,1,0,0,0,0,0,0,0,1,0,0,0,0,0,0,1,0,0,0,1,1
0,2016,76298,1,0,0,0,0,25,1,1,0,0,0,0,0,0,0,1,0,0,0,0,0,0,1,0,0,0,1,1
0,2017,43963,0,0,0,1,0,25,3,1,0,0,0,0,0,0,0,0,0,0,0,0,0,0,1,0,0,0,1,1
0,2023,5603,0,0,0,1,0,25,1,1,0,0,0,0,0,0,0,1,0,0,0,0,0,0,1,0,0,0,1,1
0,2023,5603,0,0,0,1,0,25,1,1,0,0,0,0,0,0,0,1,0,0,0,0,0,0,1,0,0,0,1,1
0,2021,45624,0,0,0,1,0,25,3,1,0,0,0,0,0,0,0,1,0,0,0,0,0,0,1,0,0,0,1,1
2023,2021,61708,0,0,0,1,0,35,3,1,0,0,0,0,0,0,0,1,0,0,0,0,0,0,1,0,0,0,1,1
2023,2021,38155,0,0,0,1,0,35,3,0,0,1,0,0,0,0,0,0,0,0,1,0,0,0,1,0,0,0,1,1
2023,2021,48335,0,0,0,1,1,25,1,0,0,0,0,1,0,0,0,1,0,0,0,0,0,0,1,0,0,0,1,1
2023,2021,36912,0,0,1,0,0,65,1,1,0,0,0,0,0,0,0,0,0,0,0,0,0,0,1,0,0,0,1,1
2023,2021,38882,0,0,0,1,0,35,3,1,0,0,0,0,0,0,0,1,0,0,0,0,0,0,1,0,0,0,1,1
2023,2021,38882,0,0,0,1,0,35,3,1,0,0,0,0,0,0,0,1,0,0,0,0,0,0,1,0,0,0,1,1
2023,2021,36912,0,0,1,0,0,65,1,1,0,0,0,0,0,0,0,0,0,0,0,0,0,0,1,0,0,0,1,1
2023,2021,48335,0,0,0,1,1,25,1,0,0,0,0,1,0,0,0,1,0,0,0,0,0,0,1,0,0,0,1,1
2023,2021,61708,0,0,0,1,0,35,3,1,0,0,0,0,0,0,0,1,0,0,0,0,0,0,1,0,0,0,1,1
2023,2021,38155,0,0,0,1,0,35,3,0,0,1,0,0,0,0,0,0,0,0,1,0,0,0,1,0,0,0,1,1
2023,2023,868,0,0,0,1,0,30,2,1,0,0,0,0,0,0,0,0,0,0,1,0,0,0,1,0,0,0,1,1
2023,2021,38882,0,0,0,1,0,35,3,1,0,0,0,0,0,0,0,1,0,0,0,0,0,0,1,0,0,0,1,1
2023,2021,36912,0,0,1,0,0,65,1,1,0,0,0,0,0,0,0,0,0,0,0,0,0,0,1,0,0,0,1,1
2023,2021,48335,0,0,0,1,1,25,1,0,0,0,0,1,0,0,0,1,0,0,0,0,0,0,1,0,0,0,1,1
2023,2021,34727,0,1,0,0,0,15,1,1,0,0,0,0,0,0,0,0,0,0,0,0,0,0,1,0,0,0,1,1
2023,2021,38196,1,0,0,0,0,25,3,1,0,0,0,0,0,0,0,0,0,1,0,0,0,0,1,0,0,0,1,1
0,2021,32763,1,0,0,0,0,25,3,1,0,0,0,0,0,0,0,0,0,1,0,0,0,0,1,0,0,0,1,1
0,2021,45624,0,0,0,1,0,25,3,1,0,0,0,0,0,0,0,1,0,0,0,0,0,0,1,0,0,0,1,1
2023,2022,31279,0,0,1,0,0,70,3,0,0,1,0,0,0,0,0,1,0,0,0,0,0,0,1,0,0,0,1,1
0,2023,4131,1,0,0,0,0,25,1,1,0,0,0,0,0,0,0,1,0,0,0,0,0,0,1,0,0,0,1,1
0,2022,4743,1,0,0,0,0,25,1,1,0,0,0,0,0,0,0,1,0,0,0,0,0,0,1,0,0,0,1,1
0,2023,4131,1,0,0,0,0,25,1,1,0,0,0,0,0,0,0,1,0,0,0,0,0,0,1,0,0,0,1,1
0,2022,4743,1,0,0,0,0,25,1,1,0,0,0,0,0,0,0,1,0,0,0,0,0,0,1,0,0,0,1,1
2023,2022,31279,0,0,1,0,0,70,3,0,0,1,0,0,0,0,0,1,0,0,0,0,0,0,1,0,0,0,1,1
2023,2023,1200,1,0,0,0,1,25,1,0,0,0,0,1,0,0,0,0,0,0,0,0,0,0,1,0,0,0,1,1
2023,2023,4160,1,0,0,0,0,30,1,1,0,0,0,0,0,0,0,1,0,0,0,0,0,0,1,0,0,0,1,1
2023,2023,1326,1,0,0,0,0,25,1,1,0,0,0,0,0,0,0,0,0,1,0,0,0,0,1,0,0,0,1,1
2023,2023,2660,0,0,0,1,0,25,1,1,0,0,0,0,0,0,0,0,0,1,0,0,0,0,1,0,0,0,1,1
2023,2023,1111,1,0,0,0,1,25,1,0,0,0,0,1,0,0,0,0,0,0,0,0,0,0,1,0,0,0,1,1
0,2016,111324,0,0,0,1,0,45,3,1,0,0,0,0,0,0,0,0,0,0,0,0,0,1,1,0,0,0,1,1
2023,2023,4160,1,0,0,0,0,30,1,1,0,0,0,0,0,0,0,1,0,0,0,0,0,0,1,0,0,0,1,1
2023,2023,1200,1,0,0,0,1,25,1,0,0,0,0,1,0,0,0,0,0,0,0,0,0,0,1,0,0,0,1,1
2023,2023,1111,1,0,0,0,1,25,1,0,0,0,0,1,0,0,0,0,0,0,0,0,0,0,1,0,0,0,1,1
2023,2023,1326,1,0,0,0,0,25,1,1,0,0,0,0,0,0,0,0,0,1,0,0,0,0,1,0,0,0,1,1
2023,2023,2660,0,0,0,1,0,25,1,1,0,0,0,0,0,0,0,0,0,1,0,0,0,0,1,0,0,0,1,1
2023,2016,111324,0,0,0,1,0,45,3,1,0,0,0,0,0,0,0,0,0,0,0,0,0,1,1,0,0,0,1,1
0,2017,43963,0,0,0,1,0,25,3,1,0,0,0,0,0,0,0,0,0,0,0,0,0,0,1,0,0,0,1,1
0,2023,5603,0,0,0,1,0,25,1,1,0,0,0,0,0,0,0,1,0,0,0,0,0,0,1,0,0,0,1,1
0,2023,5603,0,0,0,1,0,25,1,1,0,0,0,0,0,0,0,1,0,0,0,0,0,0,1,0,0,0,1,1
0,2021,32763,1,0,0,0,0,25,3,1,0,0,0,0,0,0,0,0,0,1,0,0,0,0,1,0,0,0,1,1
0,2023,0,0,0,1,0,0,0,3,1,0,0,0,0,0,0,0,0,0,0,1,0,0,0,1,0,0,0,1,1
0,2021,45624,0,0,0,1,0,25,3,1,0,0,0,0,0,0,0,1,0,0,0,0,0,0,1,0,0,0,1,1
0,2021,45624,0,0,0,1,0,25,3,1,0,0,0,0,0,0,0,1,0,0,0,0,0,0,1,0,0,0,1,1
0,2022,2733,1,0,0,0,1,20,1,0,0,0,0,1,0,0,0,0,0,0,0,0,0,0,1,0,0,0,1,1
0,2023,3604,1,0,0,0,0,20,3,1,0,0,0,0,0,0,0,0,0,0,0,0,0,0,1,0,0,0,1,1
0,2022,2733,1,0,0,0,1,20,1,0,0,0,0,1,0,0,0,0,0,0,0,0,0,0,1,0,0,0,1,1
0,2023,3604,1,0,0,0,0,20,3,1,0,0,0,0,0,0,0,0,0,0,0,0,0,0,1,0,0,0,1,1
0,2021,31799,1,0,0,0,0,35,1,1,0,0,0,0,0,0,0,0,0,0,0,0,0,0,1,0,0,0,1,1
0,2023,4821,0,0,0,1,0,25,1,1,0,0,0,0,0,0,0,1,0,0,0,0,0,0,1,0,0,0,1,1
0,2023,4821,0,0,0,1,0,25,1,1,0,0,0,0,0,0,0,1,0,0,0,0,0,0,0,1,0,0,1,2
0,2023,4821,0,0,0,1,0,25,1,1,0,0,0,0,0,0,0,1,0,0,0,0,0,0,1,0,0,0,1,1
0,2023,3604,1,0,0,0,0,20,3,1,0,0,0,0,0,0,0,0,0,0,0,0,0,0,1,0,0,0,1,1
0,2023,3604,1,0,0,0,0,20,3,1,0,0,0,0,0,0,0,0,0,0,0,0,0,0,1,0,0,0,1,1
0,2022,2733,1,0,0,0,1,20,1,0,0,0,0,1,0,0,0,0,0,0,0,0,0,0,1,0,0,0,1,1
0,2022,2733,1,0,0,0,1,20,1,0,0,0,0,1,0,0,0,0,0,0,0,0,0,0,1,0,0,0,1,1
0,2021,31799,1,0,0,0,0,35,1,1,0,0,0,0,0,0,0,0,0,0,0,0,0,0,1,0,0,0,1,1
0,2023,3904,0,0,0,1,0,35,3,1,0,0,0,0,0,0,0,1,0,0,0,0,0,0,0,1,0,0,1,2
0,2023,3904,0,0,0,1,0,35,3,1,0,0,0,0,0,0,0,1,0,0,0,0,0,0,0,1,0,0,1,2
0,2023,4821,0,0,0,1,0,25,1,1,0,0,0,0,0,0,0,1,0,0,0,0,0,0,0,1,0,0,1,2
0,2023,4821,0,0,0,1,0,25,1,1,0,0,0,0,0,0,0,1,0,0,0,0,0,0,0,1,0,0,1,2
2023,2021,50282,1,0,0,0,0,45,3,1,0,0,0,0,0,0,0,0,0,0,1,0,0,0,1,0,0,0,0,1
0,2021,23606,0,0,0,1,0,25,3,1,0,0,0,0,0,0,0,0,0,1,0,0,0,0,1,0,0,0,0,1
2023,2021,46863,0,0,0,1,0,25,1,1,0,0,0,0,0,0,0,0,0,0,0,0,0,0,1,0,0,0,0,1
2023,2021,23606,0,0,0,1,0,25,3,1,0,0,0,0,0,0,0,0,0,1,0,0,0,0,1,0,0,0,0,1
2023,2021,50282,1,0,0,0,0,45,3,1,0,0,0,0,0,0,0,0,0,0,1,0,0,0,1,0,0,0,0,1
2023,2021,16847,0,0,0,1,1,25,1,0,0,0,0,1,0,0,0,1,0,0,0,0,0,0,1,0,0,0,0,1
0,2022,1111,0,0,0,1,0,25,2,1,0,0,0,0,0,0,0,1,0,0,0,0,0,0,1,0,0,0,1,1
0,2022,1111,0,0,0,1,0,25,1,1,0,0,0,0,0,0,0,1,0,0,0,0,0,0,1,0,0,0,1,1
2023,2023,1129,1,0,0,0,0,25,1,1,0,0,0,0,0,0,0,0,0,0,0,0,1,0,1,0,0,0,1,1
2023,2022,4632,1,0,0,0,0,25,1,1,0,0,0,0,0,0,0,0,0,1,0,0,0,0,1,0,0,0,1,1
2023,2022,15045,0,0,1,0,0,0,3,1,0,0,0,0,0,0,0,0,0,0,1,0,0,0,1,0,0,0,0,1
2023,2021,45380,0,0,1,0,0,65,3,1,0,0,0,0,0,0,0,0,0,1,0,0,0,0,1,0,0,0,0,1
2023,2023,40405,0,0,1,0,0,60,3,0,0,1,0,0,0,0,0,0,0,0,1,0,0,0,1,0,0,0,1,1
2023,2016,76298,1,0,0,0,0,25,1,1,0,0,0,0,0,0,0,1,0,0,0,0,0,0,0,1,0,0,1,2
2023,2016,76168,1,0,0,0,0,25,3,1,0,0,0,0,0,0,0,1,0,0,0,0,0,0,0,1,0,0,1,2
2023,2016,89239,0,0,0,1,0,25,3,1,0,0,0,0,0,0,0,1,0,0,0,0,0,0,0,1,0,0,1,2
2023,2016,73157,1,0,0,0,0,25,1,1,0,0,0,0,0,0,0,1,0,0,0,0,0,0,1,0,0,0,1,1
2023,2023,1129,1,0,0,0,0,25,1,1,0,0,0,0,0,0,0,0,0,0,0,0,1,0,1,0,0,0,1,1
2023,2022,4362,1,0,0,0,0,25,1,1,0,0,0,0,0,0,0,0,0,1,0,0,0,0,1,0,0,0,1,1
2023,2023,40405,0,0,1,0,0,60,3,0,0,1,0,0,0,0,0,0,0,0,1,0,0,0,1,0,0,0,1,1
2023,2021,6330,1,0,0,0,0,15,3,1,0,0,0,0,0,0,0,1,0,0,0,0,0,0,1,0,0,0,1,1
0,2023,3904,0,0,0,1,0,35,3,1,0,0,0,0,0,0,0,1,0,0,0,0,0,0,0,1,0,0,1,2
0,2023,3904,0,0,0,1,0,35,3,1,0,0,0,0,0,0,0,1,0,0,0,0,0,0,0,1,0,0,1,2
0,2022,1111,0,0,0,1,0,25,2,1,0,0,0,0,0,0,0,1,0,0,0,0,0,0,1,0,0,0,1,1
0,2022,1111,0,0,0,1,0,25,1,1,0,0,0,0,0,0,0,1,0,0,0,0,0,0,1,0,0,0,1,1
0,2021,47034,0,0,1,0,0,65,3,1,0,0,0,0,0,0,0,1,0,0,0,0,0,0,1,0,0,0,1,1
0,2021,47034,0,0,1,0,0,65,3,1,0,0,0,0,0,0,0,1,0,0,0,0,0,0,1,0,0,0,1,1
0,2021,47034,0,0,1,0,0,65,3,1,0,0,0,0,0,0,0,1,0,0,0,0,0,0,1,0,0,0,1,1
0,2021,47034,0,0,1,0,0,65,3,1,0,0,0,0,0,0,0,1,0,0,0,0,0,0,1,0,0,0,1,1
0,2023,2126,0,0,0,1,0,25,1,1,0,0,0,0,0,0,0,0,0,0,0,0,1,0,1,0,0,0,1,1
0,2023,2126,0,0,0,1,0,25,1,1,0,0,0,0,0,0,0,0,0,0,0,0,1,0,1,0,0,0,1,1
2023,2018,280,1,0,0,0,0,30,3,0,0,1,0,0,0,0,0,0,0,0,0,0,0,0,1,0,0,0,1,1
0,2016,89119,0,0,0,1,0,45,3,1,0,0,0,0,0,0,0,0,1,0,0,0,0,0,0,1,0,0,1,2
2023,2021,22991,0,0,0,1,0,35,3,1,0,0,0,0,0,0,0,1,0,0,0,0,0,0,1,0,0,0,1,1
2023,2017,64430,0,0,0,1,0,25,3,1,0,0,0,0,0,0,0,0,0,0,0,0,0,1,1,0,0,0,1,1
2023,2021,22991,0,0,0,1,0,35,3,1,0,0,0,0,0,0,0,1,0,0,0,0,0,0,1,0,0,0,1,1
2023,2021,26717,0,1,0,0,0,5,1,1,0,0,0,0,0,0,0,0,0,0,0,0,0,0,1,0,0,0,1,1
0,2023,40405,0,0,1,0,0,60,3,0,0,1,0,0,0,0,0,0,0,0,1,0,0,0,1,0,0,0,1,1
2023,2016,112547,1,0,0,0,0,30,3,1,0,0,0,0,0,0,0,1,0,0,0,0,0,0,1,0,0,0,1,1
2023,2021,3474,1,0,0,0,0,35,3,1,0,0,0,0,0,0,0,1,0,0,0,0,0,0,1,0,0,0,1,1
0,2023,2126,0,0,0,1,0,25,1,1,0,0,0,0,0,0,0,0,0,0,0,0,1,0,1,0,0,0,1,1
0,2023,2126,0,0,0,1,0,25,1,1,0,0,0,0,0,0,0,0,0,0,0,0,1,0,1,0,0,0,1,1
0,2023,40405,0,0,1,0,0,60,3,0,0,1,0,0,0,0,0,0,0,0,1,0,0,0,1,0,0,0,1,1
0,2016,89119,0,0,0,1,0,45,3,1,0,0,0,0,0,0,0,0,1,0,0,0,0,0,0,1,0,0,1,2
0,2021,29338,0,0,0,1,0,35,3,1,0,0,0,0,0,0,0,0,0,0,0,0,0,0,1,0,0,0,1,1
0,2021,29338,0,0,0,1,0,35,3,1,0,0,0,0,0,0,0,0,0,0,0,0,0,0,1,0,0,0,1,1
2022,2021,20087,0,0,0,1,0,30,3,1,0,0,0,0,0,0,0,1,0,0,0,0,0,0,1,0,0,0,1,1
2022,2021,34517,0,0,0,1,1,30,1,0,0,0,0,1,0,0,0,1,0,0,0,0,0,0,1,0,0,0,1,1
2022,2021,224066,0,0,1,0,0,75,0,0,0,1,0,0,0,0,0,0,0,1,0,0,0,0,1,0,0,0,1,1
2022,2021,31404,0,0,0,1,0,25,2,1,0,0,0,0,0,0,0,0,0,0,1,0,0,0,1,0,0,0,1,1
2022,2021,31404,0,0,0,1,0,25,2,1,0,0,0,0,0,0,0,0,0,0,1,0,0,0,1,0,0,0,1,1
2022,2021,34517,0,0,0,1,1,30,1,0,0,0,0,1,0,0,0,1,0,0,0,0,0,0,1,0,0,0,1,1
2022,2021,224066,0,0,1,0,0,75,0,0,0,1,0,0,0,0,0,0,0,1,0,0,0,0,1,0,0,0,1,1
2022,2021,31404,0,0,0,1,0,25,2,1,0,0,0,0,0,0,0,0,0,0,1,0,0,0,1,0,0,0,1,1
2022,2021,224066,0,0,1,0,0,75,0,0,0,1,0,0,0,0,0,0,0,1,0,0,0,0,1,0,0,0,1,1
2022,2021,20087,0,0,0,1,0,30,3,1,0,0,0,0,0,0,0,1,0,0,0,0,0,0,1,0,0,0,1,1
2022,2021,31404,0,0,0,1,0,25,2,1,0,0,0,0,0,0,0,0,0,0,1,0,0,0,1,0,0,0,1,1
2022,2021,34517,0,0,0,1,1,30,1,0,0,0,0,1,0,0,0,1,0,0,0,0,0,0,1,0,0,0,1,1
2022,2021,224066,0,0,1,0,0,75,0,0,0,1,0,0,0,0,0,0,0,0,0,0,0,0,1,0,0,0,1,1
2022,2021,20087,0,0,0,1,0,30,3,1,0,0,0,0,0,0,0,1,0,0,0,0,0,0,1,0,0,0,1,1
2022,2021,31404,0,0,0,1,0,25,2,1,0,0,0,0,0,0,0,0,0,0,1,0,0,0,1,0,0,0,1,1
2022,2022,3128,1,0,0,0,1,25,1,0,0,0,0,1,0,0,0,1,0,0,0,0,0,0,1,0,0,0,1,1
2022,2023,820,1,0,0,0,0,25,1,1,0,0,0,0,0,0,0,1,0,0,0,0,0,0,1,0,0,0,1,1
2022,2022,3128,1,0,0,0,1,25,1,0,0,0,0,1,0,0,0,1,0,0,0,0,0,0,1,0,0,0,1,1
2022,2023,820,1,0,0,0,0,25,1,1,0,0,0,0,0,0,0,1,0,0,0,0,0,0,1,0,0,0,1,1
0,2023,18,1,0,0,0,0,25,3,1,0,0,0,0,0,0,0,1,0,0,0,0,0,0,0,0,0,0,1,0
0,2023,18,1,0,0,0,0,25,3,1,0,0,0,0,0,0,0,1,0,0,0,0,0,0,0,0,0,0,1,0
0,2023,18,1,0,0,0,0,25,3,1,0,0,0,0,0,0,0,1,0,0,0,0,0,0,0,0,0,0,1,0
0,2023,1239,1,0,0,0,0,25,1,1,0,0,0,0,0,0,0,1,0,0,0,0,0,0,1,0,0,0,1,1
0,2023,1239,1,0,0,0,0,25,1,1,0,0,0,0,0,0,0,1,0,0,0,0,0,0,1,0,0,0,1,1
0,2021,45898,1,0,0,0,0,30,3,1,0,0,0,0,0,0,0,1,0,0,0,0,0,0,1,0,0,0,1,1
0,2021,45898,1,0,0,0,0,30,3,1,0,0,0,0,0,0,0,1,0,0,0,0,0,0,1,0,0,0,1,1
0,2023,18,1,0,0,0,0,25,3,1,0,0,0,0,0,0,0,1,0,0,0,0,0,0,0,0,0,0,1,0
0,2023,18,1,0,0,0,0,25,3,1,0,0,0,0,0,0,0,1,0,0,0,0,0,0,0,0,0,0,1,0
0,2023,1239,1,0,0,0,0,25,1,1,0,0,0,0,0,0,0,1,0,0,0,0,0,0,1,0,0,0,1,1
0,2023,1239,1,0,0,0,0,25,1,1,0,0,0,0,0,0,0,1,0,0,0,0,0,0,1,0,0,0,1,1
0,2021,5708,1,0,0,0,0,30,3,1,0,0,0,0,0,0,0,0,0,0,0,0,0,0,1,0,0,0,0,1
0,2020,25702,0,0,0,1,0,25,3,1,0,0,0,0,0,0,0,0,1,0,0,0,0,0,1,0,0,0,0,1
0,2021,45898,1,0,0,0,0,30,3,1,0,0,0,0,0,0,0,1,0,0,0,0,0,0,1,0,0,0,1,1
0,2021,45898,1,0,0,0,0,30,3,1,0,0,0,0,0,0,0,1,0,0,0,0,0,0,1,0,0,0,1,1
2022,2021,21957,1,0,0,0,0,25,3,0,0,1,0,0,0,0,0,0,0,0,1,0,0,0,1,0,0,0,1,1
2022,2021,35308,0,0,0,1,1,25,3,0,0,0,0,1,0,0,0,1,0,0,0,0,0,0,1,0,0,0,1,1
2022,2021,21957,1,0,0,0,0,25,3,0,0,1,0,0,0,0,0,0,0,0,1,0,0,0,1,0,0,0,1,1
2022,2021,35308,0,0,0,1,1,25,3,0,0,0,0,1,0,0,0,1,0,0,0,0,0,0,1,0,0,0,1,1
2022,2021,33978,1,0,0,0,0,25,3,1,0,0,0,0,0,0,0,0,0,1,0,0,0,0,1,0,0,0,1,1
2022,2021,21957,1,0,0,0,0,25,3,0,0,1,0,0,0,0,0,0,0,0,1,0,0,0,1,0,0,0,1,1
2022,2018,3413,1,0,0,0,0,1,2,1,0,0,0,0,0,0,0,1,0,0,0,0,0,0,1,0,0,0,1,1
2022,2021,4722,0,0,1,0,0,65,1,1,0,0,0,0,0,0,0,0,0,0,0,0,0,1,1,0,0,0,1,1
2022,2021,4722,0,0,1,0,0,65,1,1,0,0,0,0,0,0,0,0,0,0,0,0,0,1,1,0,0,0,1,1
2022,2021,4722,0,0,1,0,0,65,1,1,0,0,0,0,0,0,0,0,0,0,0,0,0,1,1,0,0,0,1,1
0,2021,47130,0,1,0,0,1,15,1,1,0,0,0,0,0,0,0,0,0,0,0,0,0,0,1,0,0,0,1,1
2022,2016,102496,0,0,0,1,0,25,1,1,0,0,0,0,0,0,0,1,0,0,0,0,0,0,1,0,0,0,1,1
2022,2016,65697,1,0,0,0,0,30,3,1,0,0,0,0,0,0,0,0,0,0,0,0,1,0,1,0,0,0,1,1
2022,2016,88602,1,0,0,0,0,30,1,1,0,0,0,0,0,0,0,1,0,0,0,0,0,0,1,0,0,0,1,1
2022,2016,101494,1,0,0,0,0,25,1,1,0,0,0,0,0,0,0,1,0,0,0,0,0,0,1,0,0,0,1,1
0,2021,5708,1,0,0,0,0,30,3,1,0,0,0,0,0,0,0,0,0,0,0,0,0,0,1,0,0,0,0,1
0,2020,25702,0,0,0,1,0,25,3,1,0,0,0,0,0,0,0,0,1,0,0,0,0,0,1,0,0,0,0,1
0,2021,5708,1,0,0,0,0,30,3,1,0,0,0,0,0,0,0,0,0,0,0,0,0,0,1,0,0,0,0,1
0,2021,47130,0,1,0,0,1,0,1,1,0,0,0,0,0,0,0,0,0,0,0,0,0,0,1,0,0,0,1,1
0,2020,24692,1,0,0,0,0,0,1,1,0,0,0,0,0,0,0,0,0,0,1,0,0,0,1,0,0,0,0,1
2022,2021,28333,0,0,0,1,0,15,3,1,0,0,0,0,0,0,0,0,0,0,0,0,0,0,1,0,0,0,1,1
2022,2021,28333,0,0,0,1,0,15,3,1,0,0,0,0,0,0,0,0,0,0,0,0,0,0,1,0,0,0,1,1
2022,2022,3987,0,0,1,0,0,65,3,1,0,0,0,0,0,0,0,0,0,0,0,0,0,0,1,0,0,0,1,1
2022,2020,2277,1,0,0,0,0,25,3,1,0,0,0,0,0,0,0,1,0,0,0,0,0,0,1,0,0,0,1,1
2022,2020,1912,1,0,0,0,0,30,3,1,0,0,0,0,0,0,0,1,0,0,0,0,0,0,1,0,0,0,1,1
2022,2021,700,0,1,0,0,0,0,3,1,0,0,0,0,0,0,0,1,0,0,0,0,0,0,1,0,0,0,0,1
2022,2016,39307,0,0,0,1,0,25,3,1,0,0,0,0,0,0,0,1,0,0,0,0,0,0,1,0,0,0,1,1
2022,2016,57118,1,0,0,0,0,25,3,1,0,0,0,0,0,0,0,0,0,0,0,0,1,0,1,0,0,0,1,1
0,2020,25702,0,0,0,1,0,25,3,1,0,0,0,0,0,0,0,0,1,0,0,0,0,0,1,0,0,0,0,1
0,2022,151927,0,0,1,0,0,65,3,1,0,0,0,0,0,0,0,1,0,0,0,0,0,0,1,0,0,0,1,1
0,2022,151927,0,0,1,0,0,65,3,1,0,0,0,0,0,0,0,1,0,0,0,0,0,0,1,0,0,0,1,1
2022,2020,2277,1,0,0,0,0,25,3,1,0,0,0,0,0,0,0,1,0,0,0,0,0,0,1,0,0,0,1,1
2022,2020,1912,1,0,0,0,0,30,3,1,0,0,0,0,0,0,0,1,0,0,0,0,0,0,1,0,0,0,1,1
0,2022,9214,0,0,1,0,0,50,3,1,0,0,0,0,0,0,0,0,0,0,0,0,0,0,1,0,0,0,1,1
0,2022,151927,0,0,1,0,0,65,3,1,0,0,0,0,0,0,0,1,0,0,0,0,0,0,1,0,0,0,1,1
0,2022,151927,0,0,1,0,0,65,3,1,0,0,0,0,0,0,0,1,0,0,0,0,0,0,1,0,0,0,1,1
0,2022,9214,0,0,1,0,0,50,3,1,0,0,0,0,0,0,0,0,0,0,0,0,0,0,1,0,0,0,1,1
2022,2021,24086,0,0,0,1,0,25,2,1,0,0,0,0,0,0,0,0,0,0,1,0,0,0,1,0,0,0,1,1
2022,2021,38190,0,0,0,1,0,25,3,1,0,0,0,0,0,0,0,1,0,0,0,0,0,0,1,0,0,0,1,1
2022,2021,21860,0,0,0,1,0,5,3,1,0,0,0,0,0,0,0,0,0,0,0,0,0,1,1,0,0,0,1,1
2022,2022,139488,0,0,1,0,0,75,0,1,0,0,0,0,0,0,0,0,0,0,0,0,0,0,1,0,0,0,1,1
2022,2022,139488,0,0,1,0,0,75,0,1,0,0,0,0,0,0,0,0,0,0,0,0,0,0,1,0,0,0,1,1
2022,2021,24086,0,0,0,1,0,25,2,1,0,0,0,0,0,0,0,0,0,0,1,0,0,0,1,0,0,0,1,1
2022,2021,38190,0,0,0,1,0,25,3,1,0,0,0,0,0,0,0,1,0,0,0,0,0,0,1,0,0,0,1,1
2022,2021,21860,0,0,0,1,0,5,3,1,0,0,0,0,0,0,0,0,0,0,0,0,0,1,1,0,0,0,1,1
2022,2020,2902,1,0,0,0,0,25,3,1,0,0,0,0,0,0,0,0,0,1,0,0,0,0,1,0,0,0,1,1
2022,2020,19352,0,0,0,1,0,25,3,1,0,0,0,0,0,0,0,0,0,0,0,0,0,1,1,0,0,0,1,1
0,2022,3341,1,0,0,0,0,25,1,1,0,0,0,0,0,0,0,1,0,0,0,0,0,0,1,0,0,0,1,1
2022,2022,3341,1,0,0,0,0,25,1,1,0,0,0,0,0,0,0,1,0,0,0,0,0,0,1,0,0,0,1,1
2022,2020,2902,1,0,0,0,0,25,3,1,0,0,0,0,0,0,0,0,0,1,0,0,0,0,1,0,0,0,1,1
0,2022,3341,1,0,0,0,0,25,1,1,0,0,0,0,0,0,0,1,0,0,0,0,0,0,1,0,0,0,1,1
2022,2022,3341,1,0,0,0,0,25,1,1,0,0,0,0,0,0,0,1,0,0,0,0,0,0,1,0,0,0,1,1
2022,2021,700,0,1,0,0,0,0,3,1,0,0,0,0,0,0,0,1,0,0,0,0,0,0,1,0,0,0,0,1
0,2020,4006,1,0,0,0,0,25,3,1,0,0,0,0,0,0,0,0,1,0,0,0,0,0,1,0,0,0,1,1
0,2020,4006,1,0,0,0,0,25,3,1,0,0,0,0,0,0,0,0,1,0,0,0,0,0,1,0,0,0,1,1
0,2020,4006,1,0,0,0,0,25,3,1,0,0,0,0,0,0,0,0,1,0,0,0,0,0,1,0,0,0,1,1
0,2020,4006,1,0,0,0,0,25,3,1,0,0,0,0,0,0,0,0,1,0,0,0,0,0,1,0,0,0,1,1
0,2021,29977,0,0,0,1,0,35,3,1,0,0,0,0,0,0,0,1,0,0,0,0,0,0,0,0,0,0,1,0
0,2021,29977,0,0,0,1,0,35,3,1,0,0,0,0,0,0,0,1,0,0,0,0,0,0,0,0,0,0,1,0
2022,2019,5357,0,0,0,1,0,25,3,1,0,0,0,0,0,0,0,0,0,0,1,0,0,0,1,0,0,0,1,1
2022,2021,28679,0,0,0,1,0,25,3,0,0,1,0,0,0,0,0,0,0,0,0,0,1,0,1,0,0,0,1,1
2022,2021,44439,1,0,0,0,0,30,1,0,0,0,0,0,0,1,0,1,0,0,0,0,0,0,1,0,0,0,1,1
2022,2021,194446,0,0,1,0,0,65,2,0,0,1,0,0,0,0,0,0,0,1,0,0,0,0,1,0,0,0,1,1
2022,2021,10537,0,0,0,1,0,25,1,1,0,0,0,0,0,0,0,0,0,0,1,0,0,0,1,0,0,0,1,1
2022,2021,17214,1,0,0,0,0,25,3,1,0,0,0,0,0,0,0,1,0,0,0,0,0,0,1,0,0,0,1,1
2022,2022,10766,0,0,1,0,0,75,3,1,0,0,0,0,0,0,0,0,0,0,0,0,0,1,1,0,0,0,1,1
2022,2021,40181,1,0,0,0,0,25,1,0,0,0,0,0,0,1,0,0,0,0,0,1,0,0,1,0,0,0,1,1
2022,2021,38984,1,0,0,0,0,45,3,1,0,0,0,0,0,0,0,1,0,0,0,0,0,0,1,0,0,0,1,1
2022,2021,28679,0,0,0,1,0,25,3,0,0,1,0,0,0,0,0,0,0,0,0,0,1,0,1,0,0,0,1,1
2022,2021,44439,1,0,0,0,0,30,1,0,0,0,0,0,0,1,0,1,0,0,0,0,0,0,1,0,0,0,1,1
2022,2021,194446,0,0,1,0,0,65,2,0,0,1,0,0,0,0,0,0,0,1,0,0,0,0,1,0,0,0,1,1
2022,2021,10537,0,0,0,1,0,25,1,1,0,0,0,0,0,0,0,0,0,0,1,0,0,0,1,0,0,0,1,1
2022,2021,17214,1,0,0,0,0,25,3,1,0,0,0,0,0,0,0,1,0,0,0,0,0,0,1,0,0,0,1,1
2022,2021,22657,0,0,0,1,0,25,3,1,0,0,0,0,0,0,0,0,0,0,1,0,0,0,1,0,0,0,1,1
2022,2021,40181,1,0,0,0,0,25,1,0,0,0,0,0,0,1,0,0,0,0,0,1,0,0,1,0,0,0,1,1
2022,2017,99215,0,1,0,0,0,10,3,1,0,0,0,0,0,0,0,0,0,0,0,0,0,1,1,0,0,0,1,1
2022,2021,38984,1,0,0,0,0,45,3,1,0,0,0,0,0,0,0,1,0,0,0,0,0,0,1,0,0,0,1,1
2022,2020,4783,1,0,0,0,0,30,3,1,0,0,0,0,0,0,0,1,0,0,0,0,0,0,1,0,0,0,1,1
2022,2020,1857,1,0,0,0,0,30,3,1,0,0,0,0,0,0,0,0,0,0,0,0,0,1,1,0,0,0,1,1
2022,2020,4783,1,0,0,0,0,30,3,1,0,0,0,0,0,0,0,1,0,0,0,0,0,0,1,0,0,0,1,1
2022,2020,1857,1,0,0,0,0,30,3,1,0,0,0,0,0,0,0,0,0,0,0,0,0,1,1,0,0,0,1,1
2022,2020,12595,1,0,0,0,0,25,1,1,0,0,0,0,0,0,0,1,0,0,0,0,0,0,0,1,0,0,1,2
2022,2020,40836,1,0,0,0,0,25,3,1,0,0,0,0,0,0,0,1,0,0,0,0,0,0,1,0,0,0,1,1
2022,2016,81418,1,0,0,0,0,25,1,1,0,0,0,0,0,0,0,0,0,0,0,0,1,0,1,0,0,0,1,1
2022,2020,12595,1,0,0,0,0,25,1,1,0,0,0,0,0,0,0,1,0,0,0,0,0,0,0,1,0,0,1,2
2022,2020,40836,1,0,0,0,0,25,3,1,0,0,0,0,0,0,0,1,0,0,0,0,0,0,1,0,0,0,1,1
0,2021,29977,0,0,0,1,0,35,3,1,0,0,0,0,0,0,0,1,0,0,0,0,0,0,0,0,0,0,0,0
2022,2022,10766,0,0,1,0,0,75,3,1,0,0,0,0,0,0,0,0,0,0,0,0,0,1,1,0,0,0,1,1
0,2021,29977,0,0,0,1,0,35,3,1,0,0,0,0,0,0,0,1,0,0,0,0,0,0,0,0,0,0,0,0
0,2022,8598,1,0,0,0,0,25,3,1,0,0,0,0,0,0,0,0,0,0,0,0,0,0,0,1,0,0,1,2
0,2022,8598,1,0,0,0,0,25,3,1,0,0,0,0,0,0,0,0,0,0,0,0,0,0,0,1,0,0,1,2
2022,2020,19352,0,0,0,1,0,25,3,1,0,0,0,0,0,0,0,0,0,0,0,0,0,1,1,0,0,0,1,1
0,2016,0,1,0,0,0,0,0,3,1,0,0,0,0,0,0,0,0,1,0,0,0,0,0,1,0,0,0,1,1
0,2016,96912,0,1,0,0,0,0,1,1,0,0,0,0,0,0,0,0,0,0,0,0,0,0,1,0,0,0,1,1
0,2022,8598,1,0,0,0,0,25,3,1,0,0,0,0,0,0,0,0,0,0,0,0,0,0,0,1,0,0,1,2
0,2022,8598,1,0,0,0,0,25,3,1,0,0,0,0,0,0,0,0,0,0,0,0,0,0,0,1,0,0,1,2
0,2019,66457,1,0,0,0,0,30,3,1,0,0,0,0,0,0,0,1,0,0,0,0,0,0,0,0,0,0,1,0
2022,2019,5357,0,0,0,1,0,25,3,1,0,0,0,0,0,0,0,0,0,0,1,0,0,0,1,0,0,0,1,1
0,2016,96912,0,1,0,0,0,0,1,1,0,0,0,0,0,0,0,0,0,0,0,0,0,0,1,0,0,0,1,1
0,2022,10766,0,0,1,0,0,75,3,1,0,0,0,0,0,0,0,0,0,0,0,0,0,1,1,0,0,0,1,1
0,2021,33977,0,0,0,1,0,25,1,1,0,0,0,0,0,0,0,0,0,0,1,0,0,0,1,0,0,0,1,1
0,2019,66457,1,0,0,0,0,0,3,1,0,0,0,0,0,0,0,1,0,0,0,0,0,0,0,0,0,0,1,0
0,2021,33977,0,0,0,1,0,25,1,1,0,0,0,0,0,0,0,0,0,0,1,0,0,0,1,0,0,0,1,1
0,2019,5357,0,0,0,1,0,25,3,1,0,0,0,0,0,0,0,0,0,0,1,0,0,0,1,0,0,0,1,1
2022,2022,10766,0,0,1,0,0,75,3,1,0,0,0,0,0,0,0,0,0,0,0,0,0,1,1,0,0,0,1,1
0,2022,10766,0,0,1,0,0,75,3,1,0,0,0,0,0,0,0,0,0,0,0,0,0,1,1,0,0,0,1,1
2022,2021,21943,0,1,0,0,0,15,3,0,0,0,0,0,0,1,0,0,0,0,0,0,1,0,1,0,0,0,1,1
2022,2021,23628,0,0,0,1,0,30,3,1,0,0,0,0,0,0,0,1,0,0,0,0,0,0,0,1,0,0,1,2
2022,2021,34308,1,0,0,0,0,35,1,1,0,0,0,0,0,0,0,1,0,0,0,0,0,0,1,0,0,0,1,1
2022,2021,30770,0,0,0,1,0,25,1,1,0,0,0,0,0,0,0,1,0,0,0,0,0,0,1,0,0,0,1,1
2022,2017,23524,0,1,0,0,0,15,1,0,0,0,0,0,0,1,0,1,0,0,0,0,0,0,1,0,0,0,1,1
0,2017,52590,0,0,0,1,0,30,3,0,0,1,0,0,0,0,0,0,0,0,0,0,0,0,1,0,0,0,1,1
2022,2020,42248,0,0,0,1,0,25,1,1,0,0,0,0,0,0,0,0,0,0,1,0,0,0,1,0,0,0,1,1
2022,2020,46105,1,0,0,0,0,25,1,1,0,0,0,0,0,0,0,1,0,0,0,0,0,0,1,0,0,0,1,1
2022,2022,2043,1,0,0,0,0,25,1,1,0,0,0,0,0,0,0,1,0,0,0,0,0,0,1,0,0,0,1,1
2022,2020,36885,1,0,0,0,1,25,1,0,0,0,0,1,0,0,0,0,0,0,0,0,0,0,1,0,0,0,1,1
0,2017,52590,0,0,0,1,0,30,3,0,0,1,0,0,0,0,0,0,0,0,0,0,0,0,1,0,0,0,1,1
2022,2017,23524,0,1,0,0,0,15,1,0,0,0,0,0,0,1,0,1,0,0,0,0,0,0,1,0,0,0,1,1
2022,2021,30770,0,0,0,1,0,25,1,1,0,0,0,0,0,0,0,1,0,0,0,0,0,0,1,0,0,0,1,1
2022,2020,19835,1,0,0,0,0,25,3,1,0,0,0,0,0,0,0,0,0,0,0,0,0,1,1,0,0,0,1,1
2022,2020,36885,1,0,0,0,1,25,1,0,0,0,0,1,0,0,0,0,0,0,0,0,0,0,1,0,0,0,1,1
2022,2020,46105,1,0,0,0,0,25,1,1,0,0,0,0,0,0,0,1,0,0,0,0,0,0,1,0,0,0,1,1
2022,2020,42248,0,0,0,1,0,25,1,1,0,0,0,0,0,0,0,0,0,0,1,0,0,0,1,0,0,0,1,1
2022,2022,2043,1,0,0,0,0,25,1,1,0,0,0,0,0,0,0,1,0,0,0,0,0,0,1,0,0,0,1,1
2022,2021,34308,1,0,0,0,0,35,1,1,0,0,0,0,0,0,0,1,0,0,0,0,0,0,1,0,0,0,1,1
2022,2021,23628,0,0,0,1,0,30,3,1,0,0,0,0,0,0,0,1,0,0,0,0,0,0,0,1,0,0,1,2
2022,2021,21943,0,1,0,0,0,15,3,0,0,0,0,0,0,1,0,0,0,0,0,0,1,0,1,0,0,0,1,1
0,2021,33977,0,0,0,1,0,25,1,1,0,0,0,0,0,0,0,0,0,0,1,0,0,0,1,0,0,0,1,1
2022,2016,41402,0,0,0,1,0,25,3,1,0,0,0,0,0,0,0,1,0,0,0,0,0,0,0,0,0,0,1,0
0,2021,33977,0,0,0,1,0,25,1,1,0,0,0,0,0,0,0,0,0,0,1,0,0,0,1,0,0,0,1,1
2022,2021,59545,0,0,1,0,0,75,3,1,0,0,0,0,0,0,0,0,0,0,0,0,0,0,1,0,0,0,1,1
2022,2021,59545,0,0,1,0,0,75,3,1,0,0,0,0,0,0,0,0,0,0,0,0,0,0,1,0,0,0,1,1
0,2017,52590,0,0,0,1,0,30,3,0,0,1,0,0,0,0,0,0,0,0,0,0,0,0,1,0,0,0,1,1
0,2017,52590,0,0,0,1,0,30,3,0,0,1,0,0,0,0,0,0,0,0,0,0,0,0,1,0,0,0,1,1
0,2021,52858,0,0,1,0,0,65,3,0,0,1,0,0,0,0,0,0,0,0,0,0,0,0,1,0,0,0,1,1
0,2021,52858,0,0,1,0,0,65,3,0,0,1,0,0,0,0,0,0,0,0,0,0,0,0,1,0,0,0,1,1
0,2021,52858,0,0,1,0,0,65,3,0,0,1,0,0,0,0,0,0,0,0,0,0,0,0,1,0,0,0,1,1
0,2021,11919,0,0,0,1,0,35,3,1,0,0,0,0,0,0,0,1,0,0,0,0,0,0,0,1,0,0,1,2
0,2021,11919,0,0,0,1,0,35,3,1,0,0,0,0,0,0,0,1,0,0,0,0,0,0,0,1,0,0,1,2
2022,2021,24352,1,0,0,0,1,25,3,0,0,0,0,1,0,0,0,1,0,0,0,0,0,0,1,0,0,0,1,1
2022,2021,18090,0,0,0,1,0,25,3,1,0,0,0,0,0,0,0,0,0,0,0,0,0,1,1,0,0,0,1,1
0,2021,52858,0,0,1,0,0,65,3,0,0,1,0,0,0,0,0,0,0,0,0,0,0,0,1,0,0,0,1,1
2022,2020,1949,0,0,0,1,0,25,3,1,0,0,0,0,0,0,0,0,0,0,1,0,0,0,1,0,0,0,1,1
2022,2020,2034,1,0,0,0,1,30,3,0,0,0,0,1,0,0,0,1,0,0,0,0,0,0,1,0,0,0,1,1
2022,2021,24352,1,0,0,0,1,25,3,0,0,0,0,1,0,0,0,1,0,0,0,0,0,0,1,0,0,0,1,1
2022,2021,18090,0,0,0,1,0,25,3,1,0,0,0,0,0,0,0,0,0,0,0,0,0,1,1,0,0,0,1,1
2022,2016,91466,1,0,0,0,0,25,3,1,0,0,0,0,0,0,0,0,0,0,1,0,0,0,0,0,0,0,1,0
0,2021,28219,1,0,0,0,0,45,1,1,0,0,0,0,0,0,0,0,0,0,0,0,0,0,0,0,0,0,1,0
0,2021,23192,0,0,0,1,0,25,3,1,0,0,0,0,0,0,0,1,0,0,0,0,0,0,1,0,0,0,1,1
2022,2016,39990,0,0,0,1,0,25,3,1,0,0,0,0,0,0,0,1,0,0,0,0,0,0,1,0,0,0,1,1
2022,2020,1949,0,0,0,1,0,25,3,1,0,0,0,0,0,0,0,0,0,0,1,0,0,0,1,0,0,0,1,1
2022,2020,2034,1,0,0,0,1,30,3,0,0,0,0,1,0,0,0,1,0,0,0,0,0,0,1,0,0,0,1,1
2022,2016,91060,1,0,0,0,0,25,3,1,0,0,0,0,0,0,0,1,0,0,0,0,0,0,1,0,0,0,1,1
0,2021,11919,0,0,0,1,0,35,3,1,0,0,0,0,0,0,0,1,0,0,0,0,0,0,0,1,0,0,1,2
0,2020,26404,1,0,0,0,0,25,3,1,0,0,0,0,0,0,0,0,1,0,0,0,0,0,0,1,0,0,1,2
0,2021,11919,0,0,0,1,0,35,3,1,0,0,0,0,0,0,0,1,0,0,0,0,0,0,0,1,0,0,1,2
0,2020,26404,1,0,0,0,0,25,3,1,0,0,0,0,0,0,0,0,1,0,0,0,0,0,0,1,0,0,1,2
0,2021,28219,1,0,0,0,0,45,1,1,0,0,0,0,0,0,0,0,0,0,0,0,0,0,0,0,0,0,1,0
0,2021,23192,0,0,0,1,0,25,3,1,0,0,0,0,0,0,0,1,0,0,0,0,0,0,1,0,0,0,1,1
0,2021,26479,0,1,0,0,0,25,3,1,0,0,0,0,0,0,0,0,0,0,0,0,0,0,1,0,0,0,1,1
0,2021,26479,0,1,0,0,0,25,3,1,0,0,0,0,0,0,0,0,0,0,0,0,0,0,1,0,0,0,1,1
0,2019,10722,1,0,0,0,0,25,3,1,0,0,0,0,0,0,0,0,0,0,0,0,0,1,0,1,0,0,1,2
0,2020,26404,1,0,0,0,0,25,3,1,0,0,0,0,0,0,0,0,1,0,0,0,0,0,0,1,0,0,1,2
0,2020,26404,1,0,0,0,0,25,3,1,0,0,0,0,0,0,0,0,1,0,0,0,0,0,0,1,0,0,1,2
0,2021,0,0,1,0,0,0,0,3,1,0,0,0,0,0,0,0,0,0,0,0,0,0,0,1,0,0,0,1,1
0,2021,0,0,1,0,0,0,0,3,1,0,0,0,0,0,0,0,0,0,0,0,0,0,0,1,0,0,0,1,1
0,2020,1635,1,0,0,0,0,30,3,1,0,0,0,0,0,0,0,0,1,0,0,0,0,0,1,0,0,0,1,1
0,2020,1635,1,0,0,0,0,30,3,1,0,0,0,0,0,0,0,0,1,0,0,0,0,0,1,0,0,0,1,1
2021,2021,14770,0,0,0,1,0,25,3,1,0,0,0,0,0,0,0,1,0,0,0,0,0,0,1,0,0,0,1,1
2022,2021,25651,0,0,0,1,0,25,3,1,0,0,0,0,0,0,0,0,0,0,1,0,0,0,1,0,0,0,1,1
2022,2021,16393,0,0,0,1,0,35,3,1,0,0,0,0,0,0,0,0,0,0,0,0,0,1,1,0,0,0,1,1
2022,2021,14770,0,0,0,1,0,25,3,1,0,0,0,0,0,0,0,1,0,0,0,0,0,0,1,0,0,0,1,1
2022,2021,25651,0,0,0,1,0,25,3,1,0,0,0,0,0,0,0,0,0,0,1,0,0,0,1,0,0,0,1,1
2022,2021,16393,0,0,0,1,0,35,3,1,0,0,0,0,0,0,0,0,0,0,0,0,0,1,1,0,0,0,1,1
2022,2021,78762,0,0,1,0,0,65,3,1,0,0,0,0,0,0,0,0,0,0,0,0,0,0,1,0,0,0,1,1
2022,2020,1016,0,0,0,1,0,25,3,1,0,0,0,0,0,0,0,0,0,1,0,0,0,0,1,0,0,0,1,1
2022,2022,6742,1,0,0,0,0,15,3,1,0,0,0,0,0,0,0,0,0,0,0,0,0,0,1,0,0,0,0,1
0,2022,28508,0,0,1,0,0,0,3,1,0,0,0,0,0,0,0,0,0,1,0,0,0,0,1,0,0,0,0,1
2022,2022,28508,0,0,1,0,0,0,3,1,0,0,0,0,0,0,0,0,0,1,0,0,0,0,1,0,0,0,0,1
2022,2020,1016,0,0,0,1,0,25,3,1,0,0,0,0,0,0,0,0,0,1,0,0,0,0,1,0,0,0,1,1
2022,2021,19429,1,0,0,0,0,0,3,1,0,0,0,0,0,0,0,1,0,0,0,0,0,0,1,0,0,0,1,1
2022,0,0,0,0,0,1,0,25,3,1,0,0,0,0,0,0,0,0,0,0,0,0,0,0,1,0,0,0,0,1
2022,2020,19835,1,0,0,0,0,25,3,1,0,0,0,0,0,0,0,0,0,0,0,0,0,1,1,0,0,0,1,1
0,2022,697,0,0,0,1,0,25,1,1,0,0,0,0,0,0,0,1,0,0,0,0,0,0,0,1,0,0,1,2
0,2022,697,0,0,0,1,0,25,1,1,0,0,0,0,0,0,0,1,0,0,0,0,0,0,0,1,0,0,1,2
0,2020,49754,1,0,0,0,0,25,1,1,0,0,0,0,0,0,0,0,0,0,0,0,0,0,0,0,0,0,0,0
0,2020,49754,1,0,0,0,0,25,1,1,0,0,0,0,0,0,0,0,0,0,0,0,0,0,0,0,0,0,0,0
0,2020,1635,1,0,0,0,0,30,3,1,0,0,0,0,0,0,0,0,1,0,0,0,0,0,1,0,0,0,1,1
0,2020,1635,1,0,0,0,0,30,3,1,0,0,0,0,0,0,0,0,1,0,0,0,0,0,1,0,0,0,1,1
2022,2020,32234,0,0,0,1,0,25,1,1,0,0,0,0,0,0,0,1,0,0,0,0,0,0,1,0,0,0,1,1
2022,2020,32821,0,0,0,1,0,25,1,1,0,0,0,0,0,0,0,1,0,0,0,0,0,0,0,1,0,0,1,2
2022,2020,32234,0,0,0,1,0,25,1,1,0,0,0,0,0,0,0,1,0,0,0,0,0,0,1,0,0,0,1,1
2022,2020,32821,0,0,0,1,0,25,1,1,0,0,0,0,0,0,0,1,0,0,0,0,0,0,0,1,0,0,1,2
0,2021,32794,0,0,0,1,0,35,1,1,0,0,0,0,0,0,0,1,0,0,0,0,0,0,0,0,0,0,1,0
0,2021,16836,0,0,0,1,0,25,1,1,0,0,0,0,0,0,0,0,0,0,0,0,0,0,1,0,0,0,1,1
0,2021,30050,0,1,0,0,0,25,1,1,0,0,0,0,0,0,0,0,0,0,0,0,0,0,1,0,0,0,1,1
0,2021,30050,0,1,0,0,0,25,1,1,0,0,0,0,0,0,0,0,0,0,0,0,0,0,1,0,0,0,1,1
0,2021,16836,0,0,0,1,0,25,1,1,0,0,0,0,0,0,0,0,0,0,0,0,0,0,1,0,0,0,1,1
0,2022,697,0,0,0,1,0,25,1,1,0,0,0,0,0,0,0,1,0,0,0,0,0,0,0,1,0,0,1,2
0,2022,697,0,0,0,1,0,25,1,1,0,0,0,0,0,0,0,1,0,0,0,0,0,0,0,1,0,0,1,2
0,2020,49754,1,0,0,0,0,25,1,1,0,0,0,0,0,0,0,0,0,0,0,0,0,0,0,0,0,0,0,0
0,2020,49754,1,0,0,0,0,25,1,1,0,0,0,0,0,0,0,0,0,0,0,0,0,0,0,0,0,0,0,0
0,2021,30050,0,1,0,0,0,25,1,1,0,0,0,0,0,0,0,0,0,0,0,0,0,0,1,0,0,0,1,1
0,2021,16836,0,0,0,1,0,25,1,1,0,0,0,0,0,0,0,0,0,0,0,0,0,0,1,0,0,0,1,1
0,2021,32794,0,0,0,1,0,35,1,1,0,0,0,0,0,0,0,1,0,0,0,0,0,0,0,0,0,0,1,0
0,2021,30050,0,1,0,0,0,25,1,1,0,0,0,0,0,0,0,0,0,0,0,0,0,0,1,0,0,0,1,1
0,2021,16836,0,0,0,1,0,25,1,1,0,0,0,0,0,0,0,0,0,0,0,0,0,0,1,0,0,0,1,1
0,2022,58117,0,0,1,0,0,65,3,1,0,0,0,0,0,0,0,0,0,1,0,0,0,0,0,0,1,0,1,3
0,2022,58117,0,0,1,0,0,65,3,1,0,0,0,0,0,0,0,0,0,1,0,0,0,0,0,0,1,0,1,3
2022,2021,27380,1,0,0,0,0,25,3,1,0,0,0,0,0,0,0,0,0,0,0,0,0,1,1,0,0,0,1,1
2022,2021,21755,1,0,0,0,0,25,1,1,0,0,0,0,0,0,0,0,0,0,0,1,0,0,1,0,0,0,1,1
2022,2021,19635,0,0,0,1,0,25,3,1,0,0,0,0,0,0,0,1,0,0,0,0,0,0,1,0,0,0,1,1
2022,2016,80506,0,0,0,1,0,25,3,1,0,0,0,0,0,0,0,1,0,0,0,0,0,0,1,0,0,0,1,1
2022,0,0,0,0,0,0,0,0,0,0,0,0,0,0,0,0,0,0,0,0,0,0,0,0,0,0,0,0,0,0
2022,2020,18430,0,1,0,0,1,0,3,0,0,1,0,1,0,0,0,1,0,0,0,0,0,0,1,0,0,0,1,1
2022,2021,78762,0,0,1,0,0,65,3,1,0,0,0,0,0,0,0,0,0,0,0,0,0,0,1,0,0,0,1,1
2022,2020,38937,1,0,0,0,0,25,1,1,0,0,0,0,0,0,0,1,0,0,0,0,0,0,1,0,0,0,1,1
2022,2022,2561,1,0,0,0,0,25,1,1,0,0,0,0,0,0,0,1,0,0,0,0,0,0,1,0,0,0,1,1
2022,2020,36078,1,0,0,0,0,25,1,1,0,0,0,0,0,0,0,1,0,0,0,0,0,0,0,0,0,0,1,0
2022,2020,39165,0,0,0,1,0,25,1,1,0,0,0,0,0,0,0,0,0,0,1,0,0,0,1,0,0,0,1,1
2022,2020,42620,0,0,0,1,0,25,1,1,0,0,0,0,0,0,0,1,0,0,0,0,0,0,1,0,0,0,1,1
2022,2022,56429,1,0,0,0,0,25,0,0,0,0,0,0,0,1,0,0,0,0,0,0,0,0,0,0,0,0,1,0
2022,2020,36078,1,0,0,0,0,25,1,1,0,0,0,0,0,0,0,1,0,0,0,0,0,0,1,0,0,0,1,1
2022,2022,2561,1,0,0,0,0,25,1,1,0,0,0,0,0,0,0,1,0,0,0,0,0,0,1,0,0,0,1,1
2022,2020,38937,1,0,0,0,0,25,1,1,0,0,0,0,0,0,0,1,0,0,0,0,0,0,1,0,0,0,1,1
2022,2020,42620,0,0,0,1,0,25,1,1,0,0,0,0,0,0,0,1,0,0,0,0,0,0,1,0,0,0,1,1
2022,2020,39165,0,0,0,1,0,25,1,1,0,0,0,0,0,0,0,0,0,0,1,0,0,0,1,0,0,0,1,1
0,2022,58117,0,0,1,0,0,65,3,1,0,0,0,0,0,0,0,0,0,1,0,0,0,0,0,0,1,0,1,3
0,2022,58117,0,0,1,0,0,65,3,1,0,0,0,0,0,0,0,0,0,1,0,0,0,0,0,0,1,0,1,3
0,2020,440273,0,0,0,1,0,25,1,1,0,0,0,0,0,0,0,1,0,0,0,0,0,0,1,0,0,0,1,1
0,2020,40273,0,0,0,1,0,25,1,1,0,0,0,0,0,0,0,1,0,0,0,0,0,0,1,0,0,0,1,1
0,2021,11655,1,0,0,0,0,30,3,1,0,0,0,0,0,0,0,0,0,0,1,0,0,0,1,0,0,0,1,1
0,2021,11655,1,0,0,0,0,30,3,1,0,0,0,0,0,0,0,0,0,0,1,0,0,0,1,0,0,0,1,1
0,2021,9310,0,1,0,0,0,25,1,1,0,0,0,0,0,0,0,0,0,0,0,0,0,0,1,0,0,0,1,1
0,2020,440273,0,0,0,1,0,25,1,1,0,0,0,0,0,0,0,1,0,0,0,0,0,0,1,0,0,0,1,1
0,2020,40273,0,0,0,1,0,25,1,1,0,0,0,0,0,0,0,1,0,0,0,0,0,0,1,0,0,0,1,1
0,2021,11655,1,0,0,0,0,30,3,1,0,0,0,0,0,0,0,0,0,0,1,0,0,0,1,0,0,0,1,1
0,2020,43082,1,0,0,0,0,25,3,1,0,0,0,0,0,0,0,1,0,0,0,0,0,0,0,0,1,0,1,3
0,2021,20050,0,0,0,1,0,35,3,1,0,0,0,0,0,0,0,0,0,0,0,0,0,1,0,1,0,0,1,2
0,2021,11655,1,0,0,0,0,30,3,1,0,0,0,0,0,0,0,0,0,0,1,0,0,0,1,0,0,0,1,1
0,2020,43082,1,0,0,0,0,25,3,1,0,0,0,0,0,0,0,1,0,0,0,0,0,0,0,0,1,0,1,3
0,2021,9310,0,1,0,0,0,25,1,1,0,0,0,0,0,0,0,0,0,0,0,0,0,0,1,0,0,0,1,1
0,2021,17179,0,0,0,1,0,30,3,1,0,0,0,0,0,0,0,0,0,0,0,0,0,0,1,0,0,0,1,1
2022,2021,5356,0,0,0,1,0,25,3,1,0,0,0,0,0,0,0,1,0,0,0,0,0,0,1,0,0,0,1,1
2022,2021,18510,0,0,0,1,0,35,1,1,0,0,0,0,0,0,0,0,0,0,1,0,0,0,1,0,0,0,1,1
2022,2021,11506,0,0,0,1,0,25,3,1,0,0,0,0,0,0,0,0,0,0,1,0,0,0,1,0,0,0,1,1
0,2021,18215,0,0,0,1,0,25,2,1,0,0,0,0,0,0,0,1,0,0,0,0,0,0,1,0,0,0,1,1
2022,2019,11510,0,0,0,1,1,30,3,0,0,1,0,0,0,0,0,1,0,0,0,0,0,0,1,0,0,0,1,1
2022,2016,57678,0,0,0,1,0,25,3,1,0,0,0,0,0,0,0,1,0,0,0,0,0,0,0,1,0,0,1,2
2022,2019,54796,1,0,0,0,1,45,3,0,0,1,0,1,0,0,0,0,0,0,0,0,0,0,1,0,0,0,1,1
2022,2019,11510,0,0,0,1,1,30,3,0,0,1,0,0,0,0,0,1,0,0,0,0,0,0,1,0,0,0,1,1
0,2021,20050,0,0,0,1,0,35,3,1,0,0,0,0,0,0,0,0,0,0,0,0,0,1,0,1,0,0,1,2
2022,2020,43082,1,0,0,0,0,25,3,1,0,0,0,0,0,0,0,1,0,0,0,0,0,0,0,0,1,0,1,3
0,2021,25713,0,0,0,1,0,25,3,1,0,0,0,0,0,0,0,0,0,0,1,0,0,0,1,0,0,0,1,1
0,2021,10576,0,0,0,1,0,30,1,1,0,0,0,0,0,0,0,1,0,0,0,0,0,0,1,0,0,0,1,1
0,2021,17179,0,0,0,1,0,30,3,1,0,0,0,0,0,0,0,0,0,0,0,0,0,0,1,0,0,0,1,1
2022,2020,43082,1,0,0,0,0,25,3,1,0,0,0,0,0,0,0,1,0,0,0,0,0,0,0,0,1,0,1,3
0,2021,18215,0,0,0,1,0,25,2,1,0,0,0,0,0,0,0,1,0,0,0,0,0,0,1,0,0,0,1,1
0,2020,39342,1,0,0,0,0,25,1,1,0,0,0,0,0,0,0,0,0,0,0,0,0,1,1,0,0,0,1,1
0,2021,25407,0,0,0,1,0,30,1,0,0,0,0,0,0,1,0,0,0,0,1,0,0,0,1,0,0,0,1,1
0,2021,13088,0,0,0,1,0,25,3,0,0,1,0,0,0,0,0,1,0,0,0,0,0,0,0,0,0,0,1,0
0,2020,39342,1,0,0,0,0,25,1,1,0,0,0,0,0,0,0,0,0,0,0,0,0,1,1,0,0,0,1,1
0,2021,10576,0,0,0,1,0,30,1,1,0,0,0,0,0,0,0,1,0,0,0,0,0,0,1,0,0,0,1,1
0,2021,25713,0,0,0,1,0,25,3,1,0,0,0,0,0,0,0,0,0,0,1,0,0,0,1,0,0,0,1,1
0,2021,25407,0,0,0,1,0,30,1,0,0,0,0,0,0,1,0,0,0,0,1,0,0,0,1,0,0,0,1,1
0,2020,39342,1,0,0,0,0,25,1,1,0,0,0,0,0,0,0,0,0,0,0,0,0,1,1,0,0,0,1,1
0,2020,39342,1,0,0,0,0,25,1,1,0,0,0,0,0,0,0,0,0,0,0,0,0,1,1,0,0,0,1,1
0,2021,13088,0,0,0,1,0,25,3,0,0,1,0,0,0,0,0,1,0,0,0,0,0,0,0,0,0,0,1,0
0,2020,2562,0,0,0,0,0,30,3,1,0,0,0,0,0,0,0,0,0,0,1,0,0,0,0,0,1,0,1,3
0,0,58,0,1,0,0,0,5,3,1,0,0,0,0,0,0,0,0,0,0,0,0,0,0,0,1,0,0,1,2
0,2020,2562,0,0,0,0,0,30,3,1,0,0,0,0,0,0,0,0,0,0,1,0,0,0,0,0,1,0,1,3
0,2021,30534,0,0,0,1,0,35,1,1,0,0,0,0,0,0,0,0,0,0,0,0,1,0,1,0,0,0,1,1
2022,2021,21701,0,0,0,1,0,25,3,1,0,0,0,0,0,0,0,1,0,0,0,0,0,0,1,0,0,0,1,1
2022,2021,8771,0,0,0,1,0,25,1,1,0,0,0,0,0,0,0,1,0,0,0,0,0,0,1,0,0,0,1,1
2022,2021,16818,0,0,0,1,0,35,1,1,0,0,0,0,0,0,0,1,0,0,0,0,0,0,1,0,0,0,1,1
2022,2021,17237,0,0,0,1,0,25,3,1,0,0,0,0,0,0,0,1,0,0,0,0,0,0,1,0,0,0,1,1
2022,2021,9960,1,0,0,0,0,25,3,1,0,0,0,0,0,0,0,0,0,0,0,0,0,1,1,0,0,0,1,1
2022,2021,13801,0,0,0,1,0,25,3,1,0,0,0,0,0,0,0,0,0,0,1,0,0,0,1,0,0,0,1,1
2022,2019,13277,1,0,0,0,0,25,3,0,0,1,0,0,0,0,0,1,0,0,0,0,0,0,1,0,0,0,1,1
2022,2016,52306,1,0,0,0,0,25,1,1,0,0,0,0,0,0,0,1,0,0,0,0,0,0,1,0,0,0,0,1
2022,2020,32234,0,0,0,1,0,25,1,1,0,0,0,0,0,0,0,1,0,0,0,0,0,0,1,0,0,0,1,1
2022,2019,13277,1,0,0,0,0,25,3,0,0,1,0,0,0,0,0,1,0,0,0,0,0,0,1,0,0,0,1,1
2022,2020,32234,0,0,0,1,0,25,1,1,0,0,0,0,0,0,0,1,0,0,0,0,0,0,1,0,0,0,1,1
0,2020,2562,0,0,0,0,0,30,3,1,0,0,0,0,0,0,0,0,0,0,1,0,0,0,0,0,1,0,1,3
0,2020,2562,0,0,0,0,0,30,3,1,0,0,0,0,0,0,0,0,0,0,1,0,0,0,0,0,1,0,1,3
0,2021,30534,0,0,0,1,0,35,1,1,0,0,0,0,0,0,0,0,0,0,0,0,1,0,1,0,0,0,1,1
0,0,58,0,1,0,0,0,5,3,1,0,0,0,0,0,0,0,0,0,0,0,0,0,0,0,1,0,0,1,2
0,2022,42556,0,0,1,0,0,75,3,1,0,0,0,0,0,0,0,0,0,1,0,0,0,0,1,0,0,0,1,1
0,2021,8570,0,0,0,1,0,25,2,1,0,0,0,0,0,0,0,0,1,0,0,0,0,0,1,0,0,0,1,1
0,2022,42556,0,0,1,0,0,75,3,1,0,0,0,0,0,0,0,0,0,1,0,0,0,0,1,0,0,0,1,1
0,2021,8570,0,0,0,1,0,25,2,1,0,0,0,0,0,0,0,0,1,0,0,0,0,0,1,0,0,0,1,1
2022,2021,1078,0,0,0,1,0,25,1,1,0,0,0,0,0,0,0,0,0,0,1,0,0,0,1,0,0,0,1,1
2022,2021,18214,0,0,0,1,0,25,1,1,0,0,0,0,0,0,0,1,0,0,0,0,0,0,1,0,0,0,1,1
2022,2021,19453,0,0,0,1,0,25,3,1,0,0,0,0,0,0,0,0,0,0,1,0,0,0,1,0,0,0,1,1
2022,2021,19509,0,0,0,1,0,35,3,1,0,0,0,0,0,0,0,0,0,1,0,0,0,0,1,0,0,0,1,1
2022,2016,32899,1,0,0,0,0,25,3,1,0,0,0,0,0,0,0,1,0,0,0,0,0,0,1,0,0,0,1,1
0,2020,39252,1,0,0,0,0,25,3,1,0,0,0,0,0,0,0,0,1,0,0,0,0,0,0,1,0,0,0,2
0,2020,39252,1,0,0,0,0,25,3,1,0,0,0,0,0,0,0,0,1,0,0,0,0,0,0,1,0,0,0,2
0,2022,42556,0,0,1,0,0,75,3,1,0,0,0,0,0,0,0,0,0,1,0,0,0,0,1,0,0,0,1,1
0,2021,8570,0,0,0,1,0,25,2,1,0,0,0,0,0,0,0,0,1,0,0,0,0,0,1,0,0,0,1,1
0,2021,12241,0,0,0,1,0,25,1,1,0,0,0,0,0,0,0,0,0,0,1,0,0,0,1,0,0,0,1,1
0,2020,1278,1,0,0,0,0,30,3,1,0,0,0,0,0,0,0,0,0,0,1,0,0,0,0,1,0,0,1,2
0,2020,1278,1,0,0,0,0,30,3,1,0,0,0,0,0,0,0,0,0,0,1,0,0,0,0,1,0,0,1,2
0,2020,39252,1,0,0,0,0,25,3,1,0,0,0,0,0,0,0,0,1,0,0,0,0,0,0,1,0,0,0,2
0,2020,39252,1,0,0,0,0,25,3,1,0,0,0,0,0,0,0,0,1,0,0,0,0,0,0,1,0,0,0,2
0,2020,44037,0,0,0,1,0,25,1,1,0,0,0,0,0,0,0,0,0,0,1,0,0,0,1,0,0,0,1,1
0,2020,44037,0,0,0,1,0,25,1,1,0,0,0,0,0,0,0,0,0,0,1,0,0,0,1,0,0,0,1,1
0,2021,25141,0,0,0,1,0,25,1,1,0,0,0,0,0,0,0,0,0,0,0,0,0,0,1,0,0,0,1,1
0,2021,12241,0,0,0,1,0,25,1,1,0,0,0,0,0,0,0,0,0,0,1,0,0,0,1,0,0,0,1,1
0,2021,20556,0,0,0,1,0,25,2,1,0,0,0,0,0,0,0,1,0,0,0,0,0,0,1,0,0,0,1,1
0,2021,20556,0,0,0,1,0,25,2,1,0,0,0,0,0,0,0,1,0,0,0,0,0,0,1,0,0,0,1,1
0,2020,1278,1,0,0,0,0,30,3,1,0,0,0,0,0,0,0,0,0,0,1,0,0,0,0,1,0,0,1,2
0,2020,1278,1,0,0,0,0,30,3,1,0,0,0,0,0,0,0,0,0,0,1,0,0,0,0,1,0,0,1,2
0,2020,44037,0,0,0,1,0,25,1,1,0,0,0,0,0,0,0,0,0,0,1,0,0,0,1,0,0,0,1,1
0,2020,44037,0,0,0,1,0,25,1,1,0,0,0,0,0,0,0,0,0,0,1,0,0,0,1,0,0,0,1,1
0,2020,44037,0,0,0,1,0,25,1,1,0,0,0,0,0,0,0,0,0,0,1,0,0,0,1,0,0,0,1,1
0,2021,25141,0,0,0,1,0,25,1,1,0,0,0,0,0,0,0,0,0,0,0,0,0,0,1,0,0,0,1,1
0,2021,20556,0,0,0,1,0,25,2,1,0,0,0,0,0,0,0,1,0,0,0,0,0,0,1,0,0,0,1,1
0,2021,20556,0,0,0,1,0,25,2,1,0,0,0,0,0,0,0,1,0,0,0,0,0,0,1,0,0,0,1,1
2021,2021,14451,0,0,0,1,0,25,3,0,0,1,0,0,0,0,0,1,0,0,0,0,0,0,1,0,0,0,1,1
2021,2021,6509,0,0,0,1,0,30,3,1,0,0,0,0,0,0,0,0,0,0,1,0,0,0,1,0,0,0,1,1
2021,2016,79832,0,0,0,0,1,0,1,0,0,1,0,0,0,0,0,0,0,0,1,0,0,0,1,0,0,0,0,1
2021,2021,6509,0,0,0,1,0,30,3,1,0,0,0,0,0,0,0,0,0,0,1,0,0,0,1,0,0,0,1,1
2021,2021,14451,0,0,0,1,0,25,3,0,0,1,0,0,0,0,0,1,0,0,0,0,0,0,1,0,0,0,1,1
2021,2020,30712,1,0,0,0,0,25,3,1,0,0,0,0,0,0,0,0,0,0,0,0,0,1,1,0,0,0,1,1
2021,2020,30000,1,0,0,0,0,25,3,1,0,0,0,0,0,0,0,1,0,0,0,0,0,0,0,1,0,0,0,2
2021,2020,30905,1,0,0,0,0,25,1,1,0,0,0,0,0,0,0,1,0,0,0,0,0,0,1,0,0,0,1,1
2021,2020,31843,1,0,0,0,1,25,1,0,0,0,0,1,0,0,0,1,0,0,0,0,0,0,1,0,0,0,1,1
2021,2020,30000,1,0,0,0,0,25,3,1,0,0,0,0,0,0,0,1,0,0,0,0,0,0,0,1,0,0,0,2
2021,2020,30905,1,0,0,0,0,25,1,1,0,0,0,0,0,0,0,1,0,0,0,0,0,0,1,0,0,0,1,1
2021,2020,30712,1,0,0,0,0,25,3,1,0,0,0,0,0,0,0,0,0,0,0,0,0,1,1,0,0,0,1,1
2021,2020,31843,1,0,0,0,1,25,1,0,0,0,0,1,0,0,0,1,0,0,0,0,0,0,1,0,0,0,1,1
0,2021,17989,0,0,0,1,0,30,3,1,0,0,0,0,0,0,0,1,0,0,0,0,0,0,1,0,0,0,1,1
0,2021,17989,0,0,0,1,0,30,1,1,0,0,0,0,0,0,0,1,0,0,0,0,0,0,1,0,0,0,1,1
0,2021,17989,0,0,0,1,0,30,1,1,0,0,0,0,0,0,0,1,0,0,0,0,0,0,1,0,0,0,1,1
0,2021,17989,0,0,0,1,0,30,3,1,0,0,0,0,0,0,0,1,0,0,0,0,0,0,1,0,0,0,1,1
2021,2021,9742,0,0,0,1,0,25,1,1,0,0,0,0,0,0,0,1,0,0,0,0,0,0,1,0,0,0,1,1
2021,2021,11749,0,0,0,1,0,25,3,1,0,0,0,0,0,0,0,1,0,0,0,0,0,0,1,0,0,0,1,1
2021,2021,4737,1,0,0,0,0,25,3,1,0,0,0,0,0,0,0,0,0,0,1,0,0,0,1,0,0,0,1,1
2021,2017,20839,0,0,0,1,0,25,1,1,0,0,0,0,0,0,0,1,0,0,0,0,0,0,1,0,0,0,1,1
0,2021,2550,1,0,0,0,0,40,3,1,0,0,0,0,0,0,0,0,0,0,0,0,0,0,1,0,0,0,1,1
2021,2017,20839,0,0,0,1,0,25,1,1,0,0,0,0,0,0,0,1,0,0,0,0,0,0,1,0,0,0,1,1
2021,2021,4737,1,0,0,0,0,25,3,1,0,0,0,0,0,0,0,0,0,0,1,0,0,0,1,0,0,0,1,1
2021,2021,11749,0,0,0,1,0,25,3,1,0,0,0,0,0,0,0,1,0,0,0,0,0,0,1,0,0,0,1,1
2021,2021,9742,0,0,0,1,0,25,1,1,0,0,0,0,0,0,0,1,0,0,0,0,0,0,1,0,0,0,1,1
0,2021,13034,0,0,0,1,0,25,1,1,0,0,0,0,0,0,0,1,0,0,0,0,0,0,1,0,0,0,1,1
0,2021,17392,1,0,0,0,0,25,3,0,0,1,0,0,0,0,0,0,0,0,1,0,0,0,1,0,0,0,1,1
2021,2020,31487,0,0,0,1,0,25,3,1,0,0,0,0,0,0,0,1,0,0,0,0,0,0,1,0,0,0,1,1
0,2021,13034,0,0,0,1,0,25,1,1,0,0,0,0,0,0,0,1,0,0,0,0,0,0,1,0,0,0,1,1
0,2021,15812,0,0,0,1,0,25,1,1,0,0,0,0,0,0,0,1,0,0,0,0,0,0,0,0,0,0,1,0
0,2021,23878,0,0,0,1,0,35,3,1,0,0,0,0,0,0,0,1,0,0,0,0,0,0,0,0,0,0,1,0
0,2021,23878,0,0,0,1,0,35,1,1,0,0,0,0,0,0,0,1,0,0,0,0,0,0,0,0,0,0,1,0
0,2021,13034,0,0,0,1,0,25,1,1,0,0,0,0,0,0,0,1,0,0,0,0,0,0,1,0,0,0,1,1
0,2021,15812,0,0,0,1,0,25,1,1,0,0,0,0,0,0,0,1,0,0,0,0,0,0,0,0,0,0,1,0
0,2021,15812,0,0,0,1,0,25,1,1,0,0,0,0,0,0,0,1,0,0,0,0,0,0,0,0,0,0,1,0
0,2021,13034,0,0,0,1,0,25,1,1,0,0,0,0,0,0,0,1,0,0,0,0,0,0,1,0,0,0,1,1
0,2021,2550,1,0,0,0,0,40,3,1,0,0,0,0,0,0,0,0,0,0,0,0,0,0,1,0,0,0,1,1
0,2021,11661,0,0,0,1,0,25,1,0,0,0,0,0,0,1,0,1,0,0,0,0,0,0,1,0,0,0,1,1
0,2021,23878,0,0,0,1,0,35,3,1,0,0,0,0,0,0,0,1,0,0,0,0,0,0,0,0,0,0,1,0
0,2021,11661,0,0,0,1,0,25,1,1,0,0,0,0,0,0,0,1,0,0,0,0,0,0,1,0,0,0,1,1
0,2021,23878,0,0,0,1,0,35,1,1,0,0,0,0,0,0,0,1,0,0,0,0,0,0,0,0,0,0,1,0
0,2020,32552,0,0,0,1,0,25,3,1,0,0,0,0,0,0,0,1,0,0,0,0,0,0,1,0,0,0,1,1
0,2021,2550,1,0,0,0,0,40,3,1,0,0,0,0,0,0,0,0,0,0,0,0,0,0,1,0,0,0,1,1
0,2021,11661,0,0,0,1,0,25,1,0,0,0,0,0,0,1,0,1,0,0,0,0,0,0,1,0,0,0,1,1
0,2021,11661,0,0,0,1,0,25,1,0,0,0,0,0,0,1,0,1,0,0,0,0,0,0,1,0,0,0,1,1
0,2021,10606,0,0,0,1,0,25,3,0,0,1,0,0,0,0,0,1,0,0,0,0,0,0,1,0,0,0,1,1
0,2021,10606,0,0,0,1,0,25,3,0,0,1,0,0,0,0,0,1,0,0,0,0,0,0,1,0,0,0,1,1
2021,2021,9739,0,0,0,1,0,25,1,1,0,0,0,0,0,0,0,0,0,0,0,0,1,0,1,0,0,0,1,1
2021,2021,13485,0,0,0,1,0,25,3,1,0,0,0,0,0,0,0,1,0,0,0,0,0,0,1,0,0,0,1,1
2021,2021,11323,0,0,0,1,0,35,3,1,0,0,0,0,0,0,0,0,0,0,1,0,0,0,1,0,0,0,1,1
2021,2021,13541,1,0,0,0,0,25,2,1,0,0,0,0,0,0,0,1,0,0,0,0,0,0,1,0,0,0,1,1
2021,2017,20619,1,0,0,0,0,25,3,1,0,0,0,0,0,0,0,0,0,0,1,0,0,0,1,0,0,0,1,1
2021,2021,11323,0,0,0,1,0,30,3,1,0,0,0,0,0,0,0,0,0,0,1,0,0,0,1,0,0,0,1,1
2021,2021,9739,0,0,0,1,0,25,1,1,0,0,0,0,0,0,0,0,0,0,0,0,1,0,1,0,0,0,1,1
2021,2021,13485,0,0,0,1,0,25,3,1,0,0,0,0,0,0,0,1,0,0,0,0,0,0,1,0,0,0,1,1
2021,2021,13541,1,0,0,0,0,25,2,1,0,0,0,0,0,0,0,1,0,0,0,0,0,0,1,0,0,0,1,1
2021,2020,29675,1,0,0,0,0,25,1,1,0,0,0,0,0,0,0,0,0,0,1,0,0,0,1,0,0,0,1,1
2021,2020,21459,0,0,0,1,0,25,3,0,0,1,0,0,0,0,0,0,0,0,1,0,0,0,1,0,0,0,1,1
2021,2018,2841,1,0,0,0,0,25,3,1,0,0,0,0,0,0,0,1,0,0,0,0,0,0,1,0,0,0,0,1
2021,2018,1894,1,0,0,0,0,9,3,1,0,0,0,0,0,0,0,0,1,0,0,0,0,0,1,0,0,0,0,1
2021,2019,9645,0,0,1,0,0,45,3,1,0,0,0,0,0,0,0,1,0,0,0,0,0,0,1,0,0,0,0,1
2021,2020,21459,0,0,0,1,0,25,3,0,0,1,0,0,0,0,0,0,0,0,1,0,0,0,1,0,0,0,1,1
0,2020,32552,0,0,0,1,0,25,3,1,0,0,0,0,0,0,0,1,0,0,0,0,0,0,1,0,0,0,1,1
2021,2021,2550,1,0,0,0,0,40,3,1,0,0,0,0,0,0,0,0,0,0,0,0,0,0,1,0,0,0,1,1
0,2018,1894,1,0,0,0,0,9,3,1,0,0,0,0,0,0,0,0,1,0,0,0,0,0,1,0,0,0,0,1
0,2018,2841,1,0,0,0,0,0,3,1,0,0,0,0,0,0,0,1,0,0,0,0,0,0,1,0,0,0,0,1
0,2021,10606,0,0,0,1,0,25,3,0,0,1,0,0,0,0,0,1,0,0,0,0,0,0,1,0,0,0,1,1
0,2021,10606,0,0,0,1,0,25,3,0,0,1,0,0,0,0,0,1,0,0,0,0,0,0,1,0,0,0,1,1
0,2017,18698,0,0,0,1,0,45,3,1,0,0,0,0,0,0,0,1,0,0,0,0,0,0,1,0,0,0,1,1
0,2018,1894,1,0,0,0,0,9,3,1,0,0,0,0,0,0,0,0,1,0,0,0,0,0,1,0,0,0,0,1
0,2017,18698,0,0,0,1,0,45,3,1,0,0,0,0,0,0,0,1,0,0,0,0,0,0,1,0,0,0,1,1
2021,2020,24248,0,0,0,1,0,25,3,1,0,0,0,0,0,0,0,0,0,0,0,0,0,1,1,0,0,0,1,1
2021,2021,8379,1,0,0,0,0,25,3,1,0,0,0,0,0,0,0,1,0,0,0,0,0,0,1,0,0,0,1,1
2021,2017,1702,0,1,0,0,0,15,1,1,0,0,0,0,0,0,0,1,0,0,0,0,0,0,1,0,0,0,1,1
2021,2021,11571,0,0,0,1,0,25,3,1,0,0,0,0,0,0,0,1,0,0,0,0,0,0,1,0,0,0,1,1
2021,2021,2684,0,0,0,1,0,25,3,1,0,0,0,0,0,0,0,1,0,0,0,0,0,0,1,0,0,0,1,1
2021,2021,2055,1,0,0,0,0,25,0,1,0,0,0,0,0,0,0,1,0,0,0,0,0,0,1,0,0,0,1,1
2021,2017,120658,1,0,0,0,0,45,3,1,0,0,0,0,0,0,0,0,0,0,0,0,0,1,1,0,0,0,1,1
2021,2017,17012,0,1,0,0,0,15,1,1,0,0,0,0,0,0,0,1,0,0,0,0,0,0,1,0,0,0,1,1
2021,2021,8379,1,0,0,0,0,25,3,1,0,0,0,0,0,0,0,1,0,0,0,0,0,0,1,0,0,0,1,1
2021,2021,11571,0,0,0,1,0,25,3,1,0,0,0,0,0,0,0,1,0,0,0,0,0,0,1,0,0,0,1,1
2021,2021,11571,0,0,0,1,0,25,3,1,0,0,0,0,0,0,0,1,0,0,0,0,0,0,1,0,0,0,1,1
2021,2021,2684,0,0,0,1,0,25,3,1,0,0,0,0,0,0,0,1,0,0,0,0,0,0,1,0,0,0,1,1
2021,2021,2055,1,0,0,0,0,25,0,1,0,0,0,0,0,0,0,1,0,0,0,0,0,0,1,0,0,0,1,1
2021,2017,17962,0,0,0,1,0,45,3,0,0,1,0,0,0,0,0,0,0,0,0,0,0,0,1,0,0,0,1,1
2021,2016,38832,0,0,0,1,0,25,3,1,0,0,0,0,0,0,0,1,0,0,0,0,0,0,1,0,0,0,0,1
0,2021,10779,0,0,0,1,0,30,3,1,0,0,0,0,0,0,0,0,0,0,1,0,0,0,1,0,0,0,1,1
0,2021,10779,0,0,0,1,0,30,3,1,0,0,0,0,0,0,0,0,0,0,1,0,0,0,0,1,0,0,1,2
0,2018,2841,1,0,0,0,0,25,3,1,0,0,0,0,0,0,0,1,0,0,0,0,0,0,1,0,0,0,0,1
0,2021,10779,0,0,0,1,0,30,3,1,0,0,0,0,0,0,0,0,0,0,1,0,0,0,1,0,0,0,1,1
0,2021,10779,0,0,0,1,0,30,3,1,0,0,0,0,0,0,0,0,0,0,1,0,0,0,1,0,0,0,1,1
2021,2021,5582,0,0,0,1,0,25,3,1,0,0,0,0,0,0,0,0,0,0,0,0,0,1,1,0,0,0,1,1
2021,2021,2466,0,0,0,1,1,25,3,1,0,0,0,0,0,0,0,0,0,0,0,0,0,1,1,0,0,0,1,1
2021,2021,2500,1,0,0,0,0,30,3,0,0,1,0,0,0,0,0,0,0,0,0,0,1,0,1,0,0,0,1,1
2021,2021,0,1,0,0,0,0,25,3,1,0,0,0,0,0,0,0,1,0,0,0,0,0,0,1,0,0,0,1,1
2021,2021,5471,0,0,0,1,0,25,3,1,0,0,0,0,0,0,0,0,1,0,0,0,0,0,1,0,0,0,1,1
2021,2019,0,0,1,0,0,0,15,3,1,0,0,0,0,0,0,0,1,0,0,0,0,0,0,1,0,0,0,1,1
2021,2021,5582,0,0,0,1,0,25,3,1,0,0,0,0,0,0,0,0,0,0,0,0,0,1,1,0,0,0,1,1
2021,2021,2500,1,0,0,0,0,30,3,0,0,1,0,0,0,0,0,0,0,0,0,0,1,0,1,0,0,0,1,1
2021,2021,2466,0,0,0,1,0,25,3,1,0,0,0,0,0,0,0,0,0,0,0,0,0,1,1,0,0,0,1,1
2021,2020,24248,0,0,0,1,0,25,3,1,0,0,0,0,0,0,0,0,0,0,0,0,0,1,1,0,0,0,1,1
2021,2019,9783,1,0,0,0,0,30,3,1,0,0,0,0,0,0,0,0,0,0,1,0,0,0,1,0,0,0,1,1
2021,2019,1821,0,1,0,0,0,15,3,1,0,0,0,0,0,0,0,1,0,0,0,0,0,0,1,0,0,0,1,1
2021,2019,50694,0,0,0,1,0,25,1,1,0,0,0,0,0,0,0,0,0,0,1,0,0,0,1,0,0,0,0,1
2021,2020,4586,1,0,0,0,0,25,3,1,0,0,0,0,0,0,0,0,0,0,0,0,0,0,1,0,0,0,1,1
0,2017,120658,1,0,0,0,0,45,3,1,0,0,0,0,0,0,0,0,0,0,0,0,0,1,1,0,0,0,1,1
0,2021,0,1,0,0,0,0,25,3,1,0,0,0,0,0,0,0,1,0,0,0,0,0,0,1,0,0,0,1,1
0,2017,120958,1,0,0,0,0,45,3,1,0,0,0,0,0,0,0,0,0,0,0,0,0,1,1,0,0,0,1,1
0,2019,10389,1,0,0,0,0,30,3,1,0,0,0,0,0,0,0,1,0,0,0,0,0,0,1,0,0,0,1,1
0,2019,10389,1,0,0,0,0,30,3,1,0,0,0,0,0,0,0,1,0,0,0,0,0,0,1,0,0,0,1,1
0,2021,8500,1,0,0,0,0,25,3,1,0,0,0,0,0,0,0,1,0,0,0,0,0,0,1,0,0,0,1,1
2021,2020,9211,1,0,0,0,0,25,3,1,0,0,0,0,0,0,0,0,0,0,0,0,0,0,1,0,0,0,1,1
2021,2020,4586,1,0,0,0,0,25,3,1,0,0,0,0,0,0,0,0,0,0,0,0,0,0,1,0,0,0,1,1
0,2020,31090,1,0,0,0,0,25,1,1,0,0,0,0,0,0,0,0,1,0,0,0,0,0,0,0,0,0,1,0
0,2017,120658,1,0,0,0,0,45,3,1,0,0,0,0,0,0,0,0,0,0,0,0,0,1,1,0,0,0,1,1
0,2017,120958,1,0,0,0,0,45,3,1,0,0,0,0,0,0,0,0,0,0,0,0,0,1,1,0,0,0,1,1
0,2021,0,1,0,0,0,0,25,3,1,0,0,0,0,0,0,0,1,0,0,0,0,0,0,1,0,0,0,1,1
0,2019,10389,1,0,0,0,0,30,3,1,0,0,0,0,0,0,0,1,0,0,0,0,0,0,1,0,0,0,1,1
0,2019,10389,1,0,0,0,0,30,3,1,0,0,0,0,0,0,0,1,0,0,0,0,0,0,1,0,0,0,1,1
0,2019,10389,1,0,0,0,0,30,3,1,0,0,0,0,0,0,0,1,0,0,0,0,0,0,1,0,0,0,1,1
0,2021,8500,1,0,0,0,0,25,3,1,0,0,0,0,0,0,0,1,0,0,0,0,0,0,1,0,0,0,1,1
0,2020,31090,1,0,0,0,0,25,1,1,0,0,0,0,0,0,0,0,1,0,0,0,0,0,0,0,0,0,1,0
2021,2020,3854,1,0,0,0,0,25,3,1,0,0,0,0,0,0,0,0,0,0,1,0,0,0,1,0,0,0,1,1
2021,2016,47018,1,0,0,0,0,25,1,1,0,0,0,0,0,0,0,1,0,0,0,0,0,0,1,0,0,0,0,1
2021,2020,29293,1,0,0,0,0,25,1,1,0,0,0,0,0,0,0,1,0,0,0,0,0,0,1,0,0,0,1,1
2021,2016,77332,1,0,0,0,0,35,3,1,0,0,0,0,0,0,0,1,0,0,0,0,0,0,1,0,0,0,0,1
2021,2021,1232,1,0,0,0,0,25,3,1,0,0,0,0,0,0,0,1,0,0,0,0,0,0,1,0,0,0,1,1
2021,2017,34996,0,0,0,1,0,25,3,0,0,1,0,0,0,0,0,0,0,0,0,0,1,0,1,0,0,0,1,1
2021,2019,11497,1,0,0,0,0,30,3,1,0,0,0,0,0,0,0,1,0,0,0,0,0,0,1,0,0,0,1,1
2021,2019,16752,0,0,0,1,0,30,3,1,0,0,0,0,0,0,0,0,0,0,0,0,0,0,1,0,0,0,1,1
2021,2020,3854,1,0,0,0,0,25,3,1,0,0,0,0,0,0,0,0,0,0,1,0,0,0,1,0,0,0,1,1
2021,2017,13679,1,0,0,0,0,35,3,1,0,0,0,0,0,0,0,0,0,0,1,0,0,0,1,0,0,0,1,1
0,2021,5471,0,0,0,1,0,25,3,1,0,0,0,0,0,0,0,0,1,0,0,0,0,0,1,0,0,0,1,1
0,2019,10722,1,0,0,0,0,25,3,1,0,0,0,0,0,0,0,0,0,0,0,0,0,1,0,1,0,0,1,2
0,2021,5471,0,0,0,1,0,25,3,1,0,0,0,0,0,0,0,0,1,0,0,0,0,0,1,0,0,0,1,1
0,2021,5471,0,0,0,1,0,25,3,1,0,0,0,0,0,0,0,0,1,0,0,0,0,0,1,0,0,0,1,1
0,2019,10722,1,0,0,0,0,25,3,1,0,0,0,0,0,0,0,0,0,0,0,0,0,1,0,1,0,0,1,2
0,2020,31980,1,0,0,0,0,25,3,1,0,0,0,0,0,0,0,0,0,0,0,0,0,0,0,1,0,0,1,2
0,2020,31980,1,0,0,0,0,25,3,1,0,0,0,0,0,0,0,0,0,0,0,0,0,0,0,1,0,0,1,2
0,2019,10722,1,0,0,0,0,25,3,1,0,0,0,0,0,0,0,0,0,0,0,0,0,1,0,1,0,0,1,2
0,2021,1232,1,0,0,0,0,25,3,1,0,0,0,0,0,0,0,1,0,0,0,0,0,0,1,0,0,0,1,1
0,2021,1232,1,0,0,0,0,25,3,1,0,0,0,0,0,0,0,1,0,0,0,0,0,0,1,0,0,0,1,1
0,2017,34996,0,0,0,1,0,25,3,0,0,1,0,0,0,0,0,0,0,0,0,0,1,0,1,0,0,0,1,1
0,2017,34996,0,0,0,1,0,25,3,0,0,1,0,0,0,0,0,0,0,0,0,0,1,0,1,0,0,0,1,1
0,2021,1232,1,0,0,0,0,25,3,1,0,0,0,0,0,0,0,1,0,0,0,0,0,0,1,0,0,0,1,1
0,2021,1232,1,0,0,0,0,25,3,1,0,0,0,0,0,0,0,1,0,0,0,0,0,0,1,0,0,0,1,1
0,2017,34996,0,0,0,1,0,25,3,0,0,1,0,0,0,0,0,0,0,0,0,0,1,0,1,0,0,0,1,1
0,2017,34996,0,0,0,1,0,25,3,0,0,1,0,0,0,0,0,0,0,0,0,0,1,0,1,0,0,0,1,1
